instance_of,admin_unit,coordinates,population,area,coat_of_arms,insignia,gnd,geonames_id,openstreetmap_rel_id,openstreetmap_node_id,label_de,label_en,label_fr,desc_de,desc_en,desc_fr,sitelink_de,sitelink_en,sitelink_fr
"http://www.wikidata.org/entity/Q116621859 (1993-04-01T00:00:00Z), http://www.wikidata.org/entity/Q3257686 (0766-12-25T00:00:00Z), http://www.wikidata.org/entity/Q42744322 (1833-01-01T00:00:00Z)","http://www.wikidata.org/entity/Q1803318 (1939-01-01T00:00:00Z - 1972-12-31T00:00:00Z), http://www.wikidata.org/entity/Q8177 (1973-01-01T00:00:00Z)",Point(8.566666666 49.383333333),"21194 (2012-01-01T00:00:00Z), 22345 (2005-01-01T00:00:00Z), 15751 (1963-01-01T00:00:00Z), 18039 (1974-01-01T00:00:00Z), 22472 (2001-01-01T00:00:00Z), 16544 (1971-01-01T00:00:00Z), 14992 (1961-01-01T00:00:00Z), 18251 (1976-01-01T00:00:00Z), 16281 (1967-01-01T00:00:00Z), 17911 (1986-01-01T00:00:00Z), 22159 (2007-01-01T00:00:00Z), 18233 (1979-01-01T00:00:00Z), 21872 (1998-01-01T00:00:00Z), 17919 (1977-01-01T00:00:00Z), 16508 (1970-01-01T00:00:00Z), 20617 (1992-01-01T00:00:00Z), 15601 (1962-01-01T00:00:00Z), 21435 (2021-12-31T00:00:00Z), 22062 (2022-12-31T00:00:00Z), 21609 (2023-12-31T00:00:00Z), 22068 (1996-01-01T00:00:00Z), 22056 (1997-01-01T00:00:00Z), 21872 (1995-01-01T00:00:00Z), 21546 (2017-12-31T00:00:00Z), 18045 (1984-01-01T00:00:00Z), 22267 (2000-01-01T00:00:00Z), 22269 (2006-01-01T00:00:00Z), 21494 (2014-12-31T00:00:00Z), 18029 (1988-01-01T00:00:00Z), 21433 (2019-09-30T00:00:00Z), 17729 (1987-01-01T00:00:00Z), 19888 (1991-01-01T00:00:00Z), 19098 (1990-01-01T00:00:00Z), 18466 (1989-01-01T00:00:00Z), 22650 (2003-01-01T00:00:00Z), 17416 (1973-01-01T00:00:00Z), 18384 (1980-01-01T00:00:00Z), 18452 (1981-01-01T00:00:00Z), 16274 (1966-01-01T00:00:00Z), 16036 (1965-01-01T00:00:00Z), 18087 (1978-01-01T00:00:00Z), 21952 (2008-01-01T00:00:00Z), 18166 (1983-01-01T00:00:00Z), 21834 (2009-01-01T00:00:00Z), 16613 (1969-01-01T00:00:00Z), 15555 (1964-01-01T00:00:00Z), 18296 (1975-01-01T00:00:00Z), 18296 (1975-12-31T00:00:00Z), 18325 (1982-01-01T00:00:00Z), 17933 (1985-01-01T00:00:00Z), 22380 (1999-01-01T00:00:00Z), 16650 (1968-01-01T00:00:00Z), 21147 (2013-01-01T00:00:00Z), 21789 (2010-01-01T00:00:00Z), 21694 (1994-01-01T00:00:00Z), 21115 (2011-01-01T00:00:00Z), 22542 (2004-01-01T00:00:00Z), 16889 (1972-01-01T00:00:00Z), 22732 (2002-01-01T00:00:00Z), 21360 (1993-01-01T00:00:00Z)","21.5 (2017-12-31T00:00:00Z), 21.52 (2012-01-01T00:00:00Z), 21.62 (1989-01-01T00:00:00Z), 21.63 (1961-01-01T00:00:00Z), 21.63 (2003-01-01T00:00:00Z), 21.63 (2013-01-01T00:00:00Z), 21.69 (1965-01-01T00:00:00Z), 21.69 (1980-01-01T00:00:00Z), 21.7 (1979-01-01T00:00:00Z)",http://commons.wikimedia.org/wiki/Special:FilePath/Wappen%20Schwetzingen.svg,HD,4053980-5,6558062,454165,1686996697,Schwetzingen,Schwetzingen,Schwetzingen,Stadt im Rhein-Neckar-Kreis in Deutschland,City in Germany,ville d'Allemagne,https://de.wikipedia.org/wiki/Schwetzingen,https://en.wikipedia.org/wiki/Schwetzingen,https://fr.wikipedia.org/wiki/Schwetzingen
http://www.wikidata.org/entity/Q106658,http://www.wikidata.org/entity/Q985,Point(8.91667 48.25),,478,http://commons.wikimedia.org/wiki/Special:FilePath/Wappen%20Landkreis%20Balingen.png,NULL,NULL,NULL,NULL,NULL,Landkreis Balingen,Balingen,arrondissement de Balingen,ehemaliger Landkreis in Baden-Württemberg,former rural district of Germany,NULL,https://de.wikipedia.org/wiki/Landkreis_Balingen,NULL,NULL
http://www.wikidata.org/entity/Q106658,http://www.wikidata.org/entity/Q985,Point(8.91667 48.3333),,412,http://commons.wikimedia.org/wiki/Special:FilePath/Wappen%20Landkreis%20Hechingen.svg,NULL,NULL,NULL,NULL,NULL,Landkreis Hechingen,NULL,arrondissement de Hechingen,ehemaliger Landkreis in Baden-Württemberg,former rural district of Germany,NULL,https://de.wikipedia.org/wiki/Landkreis_Hechingen,NULL,NULL
http://www.wikidata.org/entity/Q106658,"http://www.wikidata.org/entity/Q1802309, http://www.wikidata.org/entity/Q985",Point(8.08333 48.6667),,379,http://commons.wikimedia.org/wiki/Special:FilePath/Wappen%20Landkreis%20Buehl.png,NULL,NULL,NULL,6148105,NULL,Landkreis Bühl,Bühl,arrondissement de Bühl,ehemaliger Landkreis in Baden-Württemberg,former rural district of Germany,NULL,https://de.wikipedia.org/wiki/Landkreis_B%C3%BChl,NULL,NULL
http://www.wikidata.org/entity/Q106658,http://www.wikidata.org/entity/Q985,Point(9.66667 49.3333),,342,http://commons.wikimedia.org/wiki/Special:FilePath/Wappen%20Landkreis%20Kuenzelsau.png,NULL,NULL,NULL,NULL,NULL,Landkreis Künzelsau,Künzelsau,arrondissement de Künzelsau,ehemaliger Landkreis in Baden-Württemberg,former rural district of Germany,NULL,https://de.wikipedia.org/wiki/Landkreis_K%C3%BCnzelsau,NULL,NULL
http://www.wikidata.org/entity/Q106658,http://www.wikidata.org/entity/Q985,Point(8.0 48.5),,467,http://commons.wikimedia.org/wiki/Special:FilePath/DEU%20Ortenaukreis%20COA.svg,NULL,NULL,NULL,6150057,NULL,Landkreis Offenburg,Offenburg,arrondissement d'Offenburg,ehemaliger Landkreis in Baden-Württemberg,former rural district of Germany,NULL,https://de.wikipedia.org/wiki/Landkreis_Offenburg,NULL,NULL
http://www.wikidata.org/entity/Q106658,http://www.wikidata.org/entity/Q985,Point(8.75 49.3333),,487,http://commons.wikimedia.org/wiki/Special:FilePath/COA%20Landkreis%20Heidelberg.svg,NULL,NULL,NULL,NULL,NULL,Landkreis Heidelberg,Heidelberg,arrondissement de Heidelberg,ehemaliger Landkreis in Baden-Württemberg,former district of Germany,NULL,https://de.wikipedia.org/wiki/Landkreis_Heidelberg,NULL,NULL
http://www.wikidata.org/entity/Q106658,"http://www.wikidata.org/entity/Q251660 (1945-09-19T00:00:00Z - 1952-04-25T00:00:00Z), http://www.wikidata.org/entity/Q569871, http://www.wikidata.org/entity/Q985 (1952-04-25T00:00:00Z)",Point(9.5 49.0),,589,http://commons.wikimedia.org/wiki/Special:FilePath/DEU%20Landkreis%20Backnang%20COA.svg,NULL,NULL,NULL,NULL,NULL,Landkreis Backnang,Backnang,arrondissement de Backnang,Landkreis in Deutschland,former district of Germany,NULL,https://de.wikipedia.org/wiki/Landkreis_Backnang,NULL,NULL
http://www.wikidata.org/entity/Q106658,http://www.wikidata.org/entity/Q985,Point(10.0833 49.1667),,766,http://commons.wikimedia.org/wiki/Special:FilePath/Wappen%20Landkreis%20Crailsheim.png,NULL,NULL,NULL,NULL,NULL,Landkreis Crailsheim,Crailsheim,arrondissement de Crailsheim,ehemaliger Landkreis in Baden-Württemberg,former district of Germany,NULL,https://de.wikipedia.org/wiki/Landkreis_Crailsheim,NULL,NULL
http://www.wikidata.org/entity/Q106658,http://www.wikidata.org/entity/Q985,Point(9.71667 48.3),,508,http://commons.wikimedia.org/wiki/Special:FilePath/Wappen%20Landkreis%20Ehingen.svg,NULL,4092370-8,NULL,NULL,NULL,Landkreis Ehingen,Ehingen,arrondissement d'Ehingen,ehemaliger Landkreis in Baden-Württemberg,former district of Germany,NULL,https://de.wikipedia.org/wiki/Landkreis_Ehingen,NULL,NULL
http://www.wikidata.org/entity/Q106658,http://www.wikidata.org/entity/Q985,Point(8.66667 48.4167),,358,http://commons.wikimedia.org/wiki/Special:FilePath/Wappen%20Landkreis%20Horb.svg,NULL,NULL,NULL,NULL,NULL,Landkreis Horb,NULL,arrondissement de Horb,ehemaliger Landkreis in Baden-Württemberg,NULL,NULL,https://de.wikipedia.org/wiki/Landkreis_Horb,NULL,NULL
http://www.wikidata.org/entity/Q106658,http://www.wikidata.org/entity/Q985,Point(7.91667 48.5833),,310,http://commons.wikimedia.org/wiki/Special:FilePath/Wappen%20Landkreis%20Kehl.png,NULL,NULL,NULL,6147974,NULL,Landkreis Kehl,NULL,arrondissement de Kehl,ehemaliger Landkreis in Baden-Württemberg,NULL,NULL,https://de.wikipedia.org/wiki/Landkreis_Kehl,NULL,NULL
http://www.wikidata.org/entity/Q106658,http://www.wikidata.org/entity/Q985,Point(9.0 48.8333),,290,http://commons.wikimedia.org/wiki/Special:FilePath/Wappen%20Landkreis%20Leonberg.png,NULL,NULL,NULL,NULL,NULL,Landkreis Leonberg,Leonberg,arrondissement de Leonberg,ehemaliger Landkreis in Baden-Württemberg,former district of Germany,NULL,https://de.wikipedia.org/wiki/Landkreis_Leonberg,NULL,NULL
http://www.wikidata.org/entity/Q106658,http://www.wikidata.org/entity/Q985,Point(8.58333 49.5),,313,http://commons.wikimedia.org/wiki/Special:FilePath/Wappen%20Landkreis%20Mannheim.png,NULL,NULL,NULL,NULL,NULL,Landkreis Mannheim,Mannheim,arrondissement de Mannheim,ehemaliger Landkreis in Baden-Württemberg,Germany: Landkreis,NULL,https://de.wikipedia.org/wiki/Landkreis_Mannheim,NULL,NULL
http://www.wikidata.org/entity/Q106658,http://www.wikidata.org/entity/Q985,Point(9.08333 49.3333),,454,http://commons.wikimedia.org/wiki/Special:FilePath/Wappen%20Landkreis%20Mosbach.png,NULL,4040317-8,NULL,NULL,NULL,Landkreis Mosbach,Landkreis Mosbach,arrondissement de Mosbach,"1939 gemäß Gesetz über die Landkreisselbstverwaltung in Baden gebildeter, ehemaliger Landkreis in Baden-Württemberg, bestünde er noch heute, läge er im Regierungsbezirk Karlsruhe",NULL,NULL,https://de.wikipedia.org/wiki/Landkreis_Mosbach,NULL,NULL
http://www.wikidata.org/entity/Q106658,http://www.wikidata.org/entity/Q8170,Point(9.5 48.08333333),,743,NULL,NULL,4051821-8,NULL,NULL,NULL,Landkreis Saulgau,Saulgau,arrondissement de Saulgau,ehemaliger Landkreis in Deutschland,former district of Germany,NULL,https://de.wikipedia.org/wiki/Landkreis_Saulgau,NULL,NULL
http://www.wikidata.org/entity/Q106658,http://www.wikidata.org/entity/Q985,Point(8.91667 49.1667),,529,http://commons.wikimedia.org/wiki/Special:FilePath/Wappen%20Landkreis%20Sinsheim.png,NULL,4055124-6,NULL,NULL,NULL,Landkreis Sinsheim,Sinsheim,arrondissement de Sinsheim,ehemaliger Landkreis in Baden-Württemberg,former district of Germany,NULL,https://de.wikipedia.org/wiki/Landkreis_Sinsheim,NULL,NULL
http://www.wikidata.org/entity/Q106658,http://www.wikidata.org/entity/Q985,Point(8.91667 48.9167),,385,http://commons.wikimedia.org/wiki/Special:FilePath/Wappen%20Landkreis%20Vaihingen.png,NULL,NULL,NULL,NULL,NULL,Landkreis Vaihingen,Vaihingen,arrondissement de Vaihingen,ehemaliger Landkreis in Baden-Württemberg,former district of Germany,NULL,https://de.wikipedia.org/wiki/Landkreis_Vaihingen,NULL,NULL
http://www.wikidata.org/entity/Q106658,http://www.wikidata.org/entity/Q985,Point(9.5 49.1667),,398,http://commons.wikimedia.org/wiki/Special:FilePath/Wappen%20Landkreis%20Oehringen.png,NULL,NULL,NULL,NULL,NULL,Landkreis Öhringen,Öhringen,arrondissement d'Öhringen,ehemaliger Landkreis in Baden-Württemberg,former district of Germany,NULL,https://de.wikipedia.org/wiki/Landkreis_%C3%96hringen,NULL,NULL
http://www.wikidata.org/entity/Q106658,http://www.wikidata.org/entity/Q985,Point(9.41667 48.5833),,380,http://commons.wikimedia.org/wiki/Special:FilePath/Wappen%20Landkreis%20Nuertingen.png,NULL,4222078-6,NULL,NULL,NULL,Landkreis Nürtingen,Nürtingen,arrondissement de Nürtingen,ehemaliger Landkreis in Baden-Württemberg,former rural district of Germany,NULL,https://de.wikipedia.org/wiki/Landkreis_N%C3%BCrtingen,https://en.wikipedia.org/wiki/Landkreis_N%C3%BCrtingen,NULL
http://www.wikidata.org/entity/Q106658,http://www.wikidata.org/entity/Q2137698,Point(9.66667 49.6667),,777,http://commons.wikimedia.org/wiki/Special:FilePath/Wappen%20Landkreis%20Tauberbischofsheim.png,NULL,4106128-7,NULL,NULL,NULL,Landkreis Tauberbischofsheim,Tauberbischofsheim,arrondissement de Tauberbischofsheim,ehemaliger Landkreis in Baden-Württemberg,former rural district of Germany,"division administrative ancienne de Bade-Wurtemberg, en Allemagne",https://de.wikipedia.org/wiki/Landkreis_Tauberbischofsheim,NULL,NULL
http://www.wikidata.org/entity/Q106658,http://www.wikidata.org/entity/Q985,Point(9.91667 48.4167),,840,http://commons.wikimedia.org/wiki/Special:FilePath/Landkreiswappen%20des%20Landkreises%20Alb-Donau-Kreis.svg,NULL,NULL,NULL,NULL,NULL,Landkreis Ulm,Ulm,arrondissement d'Ulm,ehemaliger Landkreis in Baden-Württemberg,former rural district of Germany,NULL,https://de.wikipedia.org/wiki/Landkreis_Ulm,NULL,NULL
http://www.wikidata.org/entity/Q106658,"http://www.wikidata.org/entity/Q130317400, http://www.wikidata.org/entity/Q261407, http://www.wikidata.org/entity/Q50407967, http://www.wikidata.org/entity/Q742380, http://www.wikidata.org/entity/Q985",Point(7.75 48.0),,658,http://commons.wikimedia.org/wiki/Special:FilePath/Wappen%20Landkreis%20Freiburg.png,NULL,NULL,NULL,NULL,NULL,Landkreis Freiburg,Freiburg,arrondissement de Freiburg,ehemaliger Landkreis in Baden-Württemberg,former district of Germany,NULL,https://de.wikipedia.org/wiki/Landkreis_Freiburg,NULL,NULL
http://www.wikidata.org/entity/Q106658,http://www.wikidata.org/entity/Q985,Point(8.41667 48.0833),,451,http://commons.wikimedia.org/wiki/Special:FilePath/DEU%20Landkreis%20Villingen%20COA.svg,NULL,NULL,NULL,NULL,NULL,Landkreis Villingen,Villingen,arrondissement de Villingen,ehemaliger Landkreis in Baden-Württemberg,former district of Germany,NULL,https://de.wikipedia.org/wiki/Landkreis_Villingen,NULL,NULL
http://www.wikidata.org/entity/Q106658,"http://www.wikidata.org/entity/Q251660 (1945-09-19T00:00:00Z - 1952-04-24T00:00:00Z), http://www.wikidata.org/entity/Q569871 (1938-10-01T00:00:00Z - 1945-09-18T00:00:00Z), http://www.wikidata.org/entity/Q985 (1952-04-25T00:00:00Z - 1972-12-31T00:00:00Z)",Point(10.1667 48.9167),,1079,http://commons.wikimedia.org/wiki/Special:FilePath/DEU%20Landkreis%20Aalen%20COA.svg,NULL,NULL,NULL,NULL,NULL,Landkreis Aalen,Aalen,arrondissement d'Aalen,ehemaliger Landkreis in Baden-Württemberg,former district of Germany,NULL,https://de.wikipedia.org/wiki/Landkreis_Aalen,NULL,NULL
http://www.wikidata.org/entity/Q106658,"http://www.wikidata.org/entity/Q2137698 (1952-04-25T00:00:00Z - 1973-01-01T00:00:00Z), http://www.wikidata.org/entity/Q251660 (1945-09-19T00:00:00Z - 1952-04-25T00:00:00Z), http://www.wikidata.org/entity/Q3099311 (1933-01-01T00:00:00Z - 1945-01-01T00:00:00Z)",Point(9.41667 49.5),,820,http://commons.wikimedia.org/wiki/Special:FilePath/Wappen%20Landkreis%20Buchen.png,NULL,4088513-6,NULL,NULL,NULL,Landkreis Buchen,Buchen,arrondissement de Buchen,"1939 gemäß Gesetz über die Landkreisselbstverwaltung in Baden gebildeter, ehemaliger Landkreis in Baden-Württemberg, bestünde er noch heute, läge er im Regierungsbezirk Karlsruhe",former district of Germany,NULL,https://de.wikipedia.org/wiki/Landkreis_Buchen,NULL,NULL
http://www.wikidata.org/entity/Q106658,http://www.wikidata.org/entity/Q985,Point(8.583333333 49.166666666),42427 (2014-01-02T00:00:00Z),455.96,http://commons.wikimedia.org/wiki/Special:FilePath/Wappen%20Landkreis%20Bruchsal.svg,NULL,NULL,NULL,NULL,NULL,Landkreis Bruchsal,Bruchsal,arrondissement de Bruchsal,ehemaliger Landkreis in Baden-Württemberg,"district in Baden-Württemberg, Germany",NULL,https://de.wikipedia.org/wiki/Landkreis_Bruchsal,https://en.wikipedia.org/wiki/Bruchsal_(district),NULL
http://www.wikidata.org/entity/Q106658,"http://www.wikidata.org/entity/Q1802308 (1864-01-01T00:00:00Z - 1946-12-02T00:00:00Z), http://www.wikidata.org/entity/Q261407 (1946-12-02T00:00:00Z - 1952-04-25T00:00:00Z), http://www.wikidata.org/entity/Q742380 (1952-04-25T00:00:00Z - 1972-12-31T00:00:00Z)",Point(8.16666667 47.91666667),,718,http://commons.wikimedia.org/wiki/Special:FilePath/Wappen%20Landkreis%20Hochschwarzwald.png,NULL,NULL,NULL,NULL,NULL,Landkreis Hochschwarzwald,Hochschwarzwald,arrondissement de Hochschwarzwald,Landkreis in Deutschland,former district of Germany,NULL,https://de.wikipedia.org/wiki/Landkreis_Hochschwarzwald,NULL,NULL
http://www.wikidata.org/entity/Q106658,http://www.wikidata.org/entity/Q985,Point(9.83333 48.8333),,455,http://commons.wikimedia.org/wiki/Special:FilePath/DEU%20Landkreis%20Schw%C3%A4bisch%20Gm%C3%BCnd%20COA.svg,NULL,4053682-8,NULL,NULL,NULL,Landkreis Schwäbisch Gmünd,Schwäbisch Gmünd,arrondissement de Schwäbisch Gmünd,ehemaliger Landkreis in Baden-Württemberg,former district of Germany,NULL,https://de.wikipedia.org/wiki/Landkreis_Schw%C3%A4bisch_Gm%C3%BCnd,NULL,NULL
http://www.wikidata.org/entity/Q106658,"http://www.wikidata.org/entity/Q159626 (1938-01-01T00:00:00Z - 1945-09-19T00:00:00Z), http://www.wikidata.org/entity/Q251660 (1945-09-19T00:00:00Z - 1952-04-25T00:00:00Z), http://www.wikidata.org/entity/Q985 (1952-04-25T00:00:00Z)",Point(9.41667 48.8333),,438,http://commons.wikimedia.org/wiki/Special:FilePath/DEU%20Landkreis%20Waiblingen%20COA.png,NULL,NULL,NULL,NULL,NULL,Landkreis Waiblingen,Waiblingen,arrondissement de Waiblingen,ehemaliger Landkreis in Baden-Württemberg,former district of Germany,NULL,https://de.wikipedia.org/wiki/Landkreis_Waiblingen,NULL,NULL
http://www.wikidata.org/entity/Q106658,"http://www.wikidata.org/entity/Q186320, http://www.wikidata.org/entity/Q985 (1952-01-01T00:00:00Z)",Point(8.16667 48.3333),,641,http://commons.wikimedia.org/wiki/Special:FilePath/Wappen%20Landkreis%20Wolfach.svg,NULL,NULL,NULL,6150232,NULL,Landkreis Wolfach,Wolfach,arrondissement de Wolfach,ehemaliger Landkreis in Baden-Württemberg,former district of Germany,NULL,https://de.wikipedia.org/wiki/Landkreis_Wolfach,NULL,NULL
http://www.wikidata.org/entity/Q20738676,http://www.wikidata.org/entity/Q8172,Point(9.25 49.16),"334388 (2015-12-31T00:00:00Z), 324543 (2014-01-03T00:00:00Z)","1099.93 (2015-12-31T00:00:00Z), 1099.95",http://commons.wikimedia.org/wiki/Special:FilePath/Wappen%20Landkreis%20Heilbronn.svg,HN,4096102-3,3220743,62750,NULL,Landkreis Heilbronn,Heilbronn,arrondissement de Heilbronn,"Landkreis in Baden-Württemberg, Deutschland",district in Germany,arrondissement du Bade-Wurtemberg,https://de.wikipedia.org/wiki/Landkreis_Heilbronn,https://en.wikipedia.org/wiki/Heilbronn_(district),https://fr.wikipedia.org/wiki/Arrondissement_de_Heilbronn
"http://www.wikidata.org/entity/Q20738676 (1972-01-01T00:00:00Z), http://www.wikidata.org/entity/Q618123",http://www.wikidata.org/entity/Q8165,Point(9.283333333 49.483333333),"141847 (2014-01-03T00:00:00Z), 143535",1126.29,http://commons.wikimedia.org/wiki/Special:FilePath/DEU%20Neckar-Odenwald-Kreis%20COA.svg,"MOS, BCH",4041524-7,3220723,62626,NULL,Neckar-Odenwald-Kreis,Neckar-Odenwald,arrondissement de Neckar-Odenwald,"Landkreis im nördlichen Baden-Württemberg, Regierungsbezirk Karlsruhe","district of Baden-Württemberg, Germany",arrondissement du Bade-Wurtemberg,https://de.wikipedia.org/wiki/Neckar-Odenwald-Kreis,https://en.wikipedia.org/wiki/Neckar-Odenwald-Kreis,https://fr.wikipedia.org/wiki/Arrondissement_de_Neckar-Odenwald
http://www.wikidata.org/entity/Q20738676,"http://www.wikidata.org/entity/Q1802309, http://www.wikidata.org/entity/Q2137698, http://www.wikidata.org/entity/Q448731, http://www.wikidata.org/entity/Q8165",Point(8.58 49.08),"444232 (2019-10-31T00:00:00Z), 435841 (2015-12-31T00:00:00Z), 427106 (2014-01-03T00:00:00Z)","1084.95 (2015-12-31T00:00:00Z), 1084.98",http://commons.wikimedia.org/wiki/Special:FilePath/DEU%20Landkreis%20Karlsruhe%20COA.svg,KA,4029714-7,2892791,62393,240098589,Landkreis Karlsruhe,Landkreis Karlsruhe,arrondissement de Karlsruhe,Landkreis in Baden-Württemberg,"district of Baden-Württemberg, Germany",arrondissement du Bade-Wurtemberg,https://de.wikipedia.org/wiki/Landkreis_Karlsruhe,https://en.wikipedia.org/wiki/Karlsruhe_(district),https://fr.wikipedia.org/wiki/Arrondissement_de_Karlsruhe
http://www.wikidata.org/entity/Q20738676,http://www.wikidata.org/entity/Q8165,Point(8.733333333 49.366666666),547625 (2018-12-31T00:00:00Z),1061.54,http://commons.wikimedia.org/wiki/Special:FilePath/COA%20Rhein-Neckar-Kreis.svg,HD,4049805-0,2847614,62577,NULL,Rhein-Neckar-Kreis,Rhein-Neckar,arrondissement de Rhin-Neckar,Landkreis in Baden-Württemberg,"district of Baden-Württemberg, Germany",arrondissement du Bade-Wurtemberg,https://de.wikipedia.org/wiki/Rhein-Neckar-Kreis,https://en.wikipedia.org/wiki/Rhein-Neckar-Kreis,https://fr.wikipedia.org/wiki/Arrondissement_de_Rhin-Neckar
http://www.wikidata.org/entity/Q20738676,"http://www.wikidata.org/entity/Q448731, http://www.wikidata.org/entity/Q8165",Point(8.27 48.8),"222472 (2014-01-03T00:00:00Z), 227474 (2015-12-31T00:00:00Z)","738.75 (2015-12-31T00:00:00Z), 738.77",http://commons.wikimedia.org/wiki/Special:FilePath/Wappen%20Landkreis%20Rastatt.svg,"RA, BH",4048446-4,3220725,62388,NULL,Landkreis Rastatt,Rastatt district,arrondissement de Rastatt,"Landkreis in Baden-Württemberg, Deutschland","administrative district in Baden-Württemberg, Germany",arrondissement du Bade-Wurtemberg,https://de.wikipedia.org/wiki/Landkreis_Rastatt,https://en.wikipedia.org/wiki/Rastatt_(district),https://fr.wikipedia.org/wiki/Arrondissement_de_Rastatt
http://www.wikidata.org/entity/Q20738676,http://www.wikidata.org/entity/Q8165,Point(8.74 48.7),150709 (2014-01-03T00:00:00Z),797.54,http://commons.wikimedia.org/wiki/Special:FilePath/Wappen%20Landkreis%20Calw.svg,CW,4009342-6,2940384,62601,NULL,Landkreis Calw,Calw District,arrondissement de Calw,Landkreis in Baden-Württemberg,"district of Baden-Württemberg, Germany",arrondissement du Bade-Wurtemberg,https://de.wikipedia.org/wiki/Landkreis_Calw,https://en.wikipedia.org/wiki/Calw_(district),https://fr.wikipedia.org/wiki/Arrondissement_de_Calw
"http://www.wikidata.org/entity/Q106517174 (2012-01-01T00:00:00Z), http://www.wikidata.org/entity/Q20738676",http://www.wikidata.org/entity/Q8165,Point(8.75 48.9),198905 (2018-12-31T00:00:00Z),573.69,http://commons.wikimedia.org/wiki/Special:FilePath/Wappen%20Enzkreis.svg,PF,4014983-3,2929889,62723,NULL,Enzkreis,Enz,arrondissement d'Enz,Landkreis in Baden-Württemberg,"district of Baden-Württemberg, Germany",arrondissement du Bade-Wurtemberg,https://de.wikipedia.org/wiki/Enzkreis,https://en.wikipedia.org/wiki/Enzkreis,https://fr.wikipedia.org/wiki/Arrondissement_d%27Enz
"http://www.wikidata.org/entity/Q106517174 (2004-09-24T00:00:00Z), http://www.wikidata.org/entity/Q20738676",http://www.wikidata.org/entity/Q8167,Point(8.0 48.416666666),"429479 (2020-12-31T00:00:00Z), 439516 (2022-06-30T00:00:00Z), 411700 (2014-01-03T00:00:00Z)",1850.74,http://commons.wikimedia.org/wiki/Special:FilePath/DEU%20Ortenaukreis%20COA.svg,"BH, KEL, LR, OG, WOL",4104631-6,3214109,62624,NULL,Ortenaukreis,Ortenau,arrondissement de l'Ortenau,Landkreis in Baden-Württemberg,"district of Baden-Württemberg, Germany",arrondissement du Bade-Wurtemberg,https://de.wikipedia.org/wiki/Ortenaukreis,https://en.wikipedia.org/wiki/Ortenaukreis,https://fr.wikipedia.org/wiki/Arrondissement_de_l%27Ortenau
http://www.wikidata.org/entity/Q20738676,http://www.wikidata.org/entity/Q8165,Point(8.42 48.5),"115055 (2014-09-29T00:00:00Z), 118243 (2019-12-31T00:00:00Z)",870.68,http://commons.wikimedia.org/wiki/Special:FilePath/Wappen%20Landkreis%20Freudenstadt.svg,FDS,4018469-9,2924895,62354,NULL,Landkreis Freudenstadt,Freudenstadt,arrondissement de Freudenstadt,Landkreis in Baden-Württemberg,"district of Baden-Württemberg, Germany",arrondissement du Bade-Wurtemberg,https://de.wikipedia.org/wiki/Landkreis_Freudenstadt,https://en.wikipedia.org/wiki/Freudenstadt_(district),https://fr.wikipedia.org/wiki/Arrondissement_de_Freudenstadt
http://www.wikidata.org/entity/Q20738676,http://www.wikidata.org/entity/Q8167,Point(7.85 47.95),"262795, 247711 (2014-01-03T00:00:00Z), 265792 (2021-01-01T00:00:00Z), 264867 (2020-01-01T00:00:00Z)",1378.3,http://commons.wikimedia.org/wiki/Special:FilePath/DEU%20Landkreis%20Breisgau-Hochschwarzwald%20COA.svg,FR,4008111-4,2944796,1946367,240112884,Landkreis Breisgau-Hochschwarzwald,Breisgau-Hochschwarzwald,arrondissement de Brisgau-Haute-Forêt-Noire,Landkreis in Baden-Württemberg,"district of Baden-Württemberg, Germany",arrondissement du Bade-Wurtemberg,https://de.wikipedia.org/wiki/Landkreis_Breisgau-Hochschwarzwald,https://en.wikipedia.org/wiki/Breisgau-Hochschwarzwald,https://fr.wikipedia.org/wiki/Arrondissement_de_Brisgau-Haute-For%C3%AAt-Noire
http://www.wikidata.org/entity/Q20738676,"http://www.wikidata.org/entity/Q1802308, http://www.wikidata.org/entity/Q8167",Point(7.8 48.1),157399 (2014-01-03T00:00:00Z),679.9,http://commons.wikimedia.org/wiki/Special:FilePath/Wappen%20Landkreis%20Emmendingen.svg,EM,4014587-6,2930522,1946117,NULL,Landkreis Emmendingen,Emmendingen,arrondissement d'Emmendingen,Landkreis in Baden-Württemberg,"district of Baden-Württemberg, Germany",arrondissement du Bade-Wurtemberg,https://de.wikipedia.org/wiki/Landkreis_Emmendingen,https://en.wikipedia.org/wiki/Emmendingen_(district),https://fr.wikipedia.org/wiki/Arrondissement_d%27Emmendingen
http://www.wikidata.org/entity/Q20738676,http://www.wikidata.org/entity/Q8167,Point(7.7 47.65),220606 (2014-01-03T00:00:00Z),806.81,http://commons.wikimedia.org/wiki/Special:FilePath/Wappen%20Landkreis%20Loerrach.svg,LÖ,4036148-2,3214108,62587,240040070,Landkreis Lörrach,Lörrach,arrondissement de Lörrach,Landkreis in Baden-Württemberg,"district of Baden-Württemberg, Germany",arrondissement du Bade-Wurtemberg,https://de.wikipedia.org/wiki/Landkreis_L%C3%B6rrach,https://en.wikipedia.org/wiki/L%C3%B6rrach_(district),https://fr.wikipedia.org/wiki/Arrondissement_de_L%C3%B6rrach
http://www.wikidata.org/entity/Q20738676,http://www.wikidata.org/entity/Q8167,Point(8.433333333 48.016666666),212381 (2018-12-31T00:00:00Z),1025.24,http://commons.wikimedia.org/wiki/Special:FilePath/DEU%20Schwarzwald-Baar-Kreis%20COA.svg,VS,4053809-6,2834685,62690,NULL,Schwarzwald-Baar-Kreis,Schwarzwald-Baar district,arrondissement de Forêt-Noire-Baar,Landkreis in Baden-Württemberg,"district of Baden-Württemberg, Germany",arrondissement allemand de Bade-Wurtemberg,https://de.wikipedia.org/wiki/Schwarzwald-Baar-Kreis,https://en.wikipedia.org/wiki/Schwarzwald-Baar-Kreis,https://fr.wikipedia.org/wiki/Arrondissement_de_For%C3%AAt-Noire-Baar
"http://www.wikidata.org/entity/Q106517174 (2004-09-24T00:00:00Z), http://www.wikidata.org/entity/Q20738676",http://www.wikidata.org/entity/Q8167,Point(8.2 47.63),163699 (2014-01-03T00:00:00Z),1131.19,http://commons.wikimedia.org/wiki/Special:FilePath/Wappen%20Landkreis%20Waldshut.svg,WT,4064418-2,3214112,62716,NULL,Landkreis Waldshut,Waldshut,Waldshut,Landkreis in Baden-Württemberg (Deutschland),"district of Baden-Württemberg, Germany","arrondissement du Bade-Wurtemberg, en Allemagne",https://de.wikipedia.org/wiki/Landkreis_Waldshut,https://en.wikipedia.org/wiki/Waldshut_(district),https://fr.wikipedia.org/wiki/Arrondissement_de_Waldshut
http://www.wikidata.org/entity/Q20738676,http://www.wikidata.org/entity/Q8167 (1972-12-31T00:00:00Z),Point(8.883333333 47.816666666),"285325, 270568 (2014-01-03T00:00:00Z)",817.95,http://commons.wikimedia.org/wiki/Special:FilePath/DEU%20Landkreis%20Konstanz%20COA.svg,KN,4118830-5,2885678,62603,NULL,Landkreis Konstanz,Konstanz,arrondissement de Constance,Landkreis in Baden-Württemberg,"district in Baden-Württemberg, Germany",arrondissement allemand de Bade-Wurtemberg,https://de.wikipedia.org/wiki/Landkreis_Konstanz,https://en.wikipedia.org/wiki/Konstanz_(district),https://fr.wikipedia.org/wiki/Arrondissement_de_Constance
http://www.wikidata.org/entity/Q20738676,http://www.wikidata.org/entity/Q8167,Point(8.63 48.17),135553 (2014-01-03T00:00:00Z),769.48,http://commons.wikimedia.org/wiki/Special:FilePath/Wappen%20Landkreis%20Rottweil.svg,RW,4050743-9,3214110,62344,NULL,Landkreis Rottweil,Rottweil,arrondissement de Rottweil,"Landkreis in Baden-Württemberg, Deutschland","district of Baden-Württemberg, Germany",arrondissement allemand de Bade-Wurtemberg,https://de.wikipedia.org/wiki/Landkreis_Rottweil,https://en.wikipedia.org/wiki/Rottweil_(district),https://fr.wikipedia.org/wiki/Arrondissement_de_Rottweil
"http://www.wikidata.org/entity/Q106517174 (2004-09-24T00:00:00Z), http://www.wikidata.org/entity/Q20738676",http://www.wikidata.org/entity/Q8167,Point(8.8 48.0),"132476 (2014-01-03T00:00:00Z), 140152",734.4,http://commons.wikimedia.org/wiki/Special:FilePath/Wappen%20Landkreis%20Tuttlingen.svg,TUT,4061294-6,3214111,62682,NULL,Landkreis Tuttlingen,Tuttlingen,arrondissement de Tuttlingen,Landkreis in Baden-Württemberg,"district of Baden-Württemberg, Germany",arrondissement allemand de Bade-Wurtemberg,https://de.wikipedia.org/wiki/Landkreis_Tuttlingen,https://en.wikipedia.org/wiki/Tuttlingen_(district),https://fr.wikipedia.org/wiki/Arrondissement_de_Tuttlingen
http://www.wikidata.org/entity/Q20738676,http://www.wikidata.org/entity/Q8170,Point(9.05 48.52),"214894 (2014-01-03T00:00:00Z), 227331 (2019-10-31T00:00:00Z)",519.13,http://commons.wikimedia.org/wiki/Special:FilePath/DEU%20Landkreis%20T%C3%BCbingen%20COA.svg,TÜ,4061149-8,2820859,2797036,NULL,Landkreis Tübingen,Tübingen,arrondissement de Tübingen,Landkreis in Baden-Württemberg,"district of Baden-Württemberg, Germany",arrondissement allemand de Bade-Wurtemberg,https://de.wikipedia.org/wiki/Landkreis_T%C3%BCbingen,https://en.wikipedia.org/wiki/T%C3%BCbingen_(district),https://fr.wikipedia.org/wiki/Arrondissement_de_T%C3%BCbingen
http://www.wikidata.org/entity/Q20738676,http://www.wikidata.org/entity/Q8170,Point(9.21 48.5),"274691 (2014-09-29T00:00:00Z), 286748 (2019-10-31T00:00:00Z)",1027.84,http://commons.wikimedia.org/wiki/Special:FilePath/Wappen%20Landkreis%20Reutlingen.svg,RT,4049658-2,3220792,2796980,NULL,Landkreis Reutlingen,Reutlingen,arrondissement de Reutlingen,Landkreis in Baden-Württemberg,"district of Baden-Württemberg, Germany",arrondissement allemand de Bade-Wurtemberg,https://de.wikipedia.org/wiki/Landkreis_Reutlingen,https://en.wikipedia.org/wiki/Reutlingen_(district),https://fr.wikipedia.org/wiki/Arrondissement_de_Reutlingen
"http://www.wikidata.org/entity/Q106517174 (2004-09-24T00:00:00Z), http://www.wikidata.org/entity/Q20738676",http://www.wikidata.org/entity/Q8170,Point(9.83 48.08),"194019 (2015-12-31T00:00:00Z), 187747 (2014-01-03T00:00:00Z), 199742 (2019-12-31T00:00:00Z)","1409.75 (2015-12-31T00:00:00Z), 1409.82",http://commons.wikimedia.org/wiki/Special:FilePath/Wappen%20Landkreis%20Biberach.svg,BC,4006425-6,3220790,2804156,NULL,Landkreis Biberach,Biberach district,arrondissement de Biberach,Landkreis in Baden-Württemberg,"district in Baden-Württemberg, Germany",arrondissement allemand de Bade-Wurtemberg,https://de.wikipedia.org/wiki/Landkreis_Biberach,https://en.wikipedia.org/wiki/Biberach_(district),https://fr.wikipedia.org/wiki/Arrondissement_de_Biberach
http://www.wikidata.org/entity/Q20738676,http://www.wikidata.org/entity/Q8170,Point(9.85 48.4),"192104 (2015-12-31T00:00:00Z), 187123 (2014-01-03T00:00:00Z)","1358.09, 1358.67 (2015-12-31T00:00:00Z)",http://commons.wikimedia.org/wiki/Special:FilePath/Landkreiswappen%20des%20Landkreises%20Alb-Donau-Kreis.svg,UL,4001032-6,3220786,2804078,NULL,Alb-Donau-Kreis,Alb-Donau-Kreis,arrondissement d'Alb-Danube,Landkreis in Baden-Württemberg,"district in Baden-Württemberg, Germany",arrondissement allemand de Bade-Wurtemberg,https://de.wikipedia.org/wiki/Alb-Donau-Kreis,https://en.wikipedia.org/wiki/Alb-Donau-Kreis,https://fr.wikipedia.org/wiki/Arrondissement_d%27Alb-Danube
"http://www.wikidata.org/entity/Q106517174 (2012-01-01T00:00:00Z), http://www.wikidata.org/entity/Q20738676",http://www.wikidata.org/entity/Q8170,Point(9.8 47.82),272425 (2014-01-03T00:00:00Z),1631.81,http://commons.wikimedia.org/wiki/Special:FilePath/Wappen%20Landkreis%20Ravensburg2.svg,RV,4048635-7,3220791,2808774,NULL,Landkreis Ravensburg,Landkreis Ravensburg,arrondissement de Ravensbourg,Landkreis in Baden-Württemberg,"district of Baden-Württemberg, Germany",arrondissement allemand de Bade-Wurtemberg,https://de.wikipedia.org/wiki/Landkreis_Ravensburg,https://en.wikipedia.org/wiki/Ravensburg_(district),https://fr.wikipedia.org/wiki/Arrondissement_de_Ravensbourg
http://www.wikidata.org/entity/Q20738676,http://www.wikidata.org/entity/Q8170,Point(9.17 48.08),127272 (2014-09-30T00:00:00Z),1204.36,http://commons.wikimedia.org/wiki/Special:FilePath/Wappen%20Landkreis%20Sigmaringen.svg,SIG,4054931-8,3220793,2806390,NULL,Landkreis Sigmaringen,Landkreis Sigmaringen,arrondissement de Sigmaringen,Landkreis in Baden-Württemberg,"district of Baden-Württemberg, Germany",arrondissement allemand de Bade-Wurtemberg,https://de.wikipedia.org/wiki/Landkreis_Sigmaringen,https://en.wikipedia.org/wiki/Sigmaringen_(district),https://fr.wikipedia.org/wiki/Arrondissement_de_Sigmaringen
"http://www.wikidata.org/entity/Q106517174 (2004-09-24T00:00:00Z), http://www.wikidata.org/entity/Q20738676",http://www.wikidata.org/entity/Q8170 (1952-01-01T00:00:00Z),Point(9.383333333 47.733333333),205843 (2014-01-03T00:00:00Z),664.64,http://commons.wikimedia.org/wiki/Special:FilePath/Bodenseekreis%20Wappen.svg,FN,4007406-7,2947109,2806623,NULL,Bodenseekreis,Bodenseekreis,arrondissement du Lac de Constance,Landkreis in Baden-Württemberg,"district of Baden-Württemberg, Germany",arrondissement allemand de Bade-Wurtemberg,https://de.wikipedia.org/wiki/Bodenseekreis,https://en.wikipedia.org/wiki/Bodenseekreis,https://fr.wikipedia.org/wiki/Arrondissement_du_Lac_de_Constance
http://www.wikidata.org/entity/Q20738676,http://www.wikidata.org/entity/Q8170,Point(8.933333333 48.283333333),"188935 (2019-10-31T00:00:00Z), 188170 (2017-12-31T00:00:00Z)",917.57,http://commons.wikimedia.org/wiki/Special:FilePath/Wappen%20Zollernalbkreis.svg,BL,4067940-8,3220794,2797573,NULL,Zollernalbkreis,Zollernalbkreis,arrondissement de Zollernalb,Landkreis in Baden-Württemberg,"district of Baden-Württemberg, Germany",arrondissement allemand de Bade-Wurtemberg,https://de.wikipedia.org/wiki/Zollernalbkreis,https://en.wikipedia.org/wiki/Zollernalbkreis,https://fr.wikipedia.org/wiki/Arrondissement_de_Zollernalb
http://www.wikidata.org/entity/Q20738676,http://www.wikidata.org/entity/Q8172,Point(9.62 49.27),110181 (2015-12-31T00:00:00Z),776.76 (2015-12-31T00:00:00Z),http://commons.wikimedia.org/wiki/Special:FilePath/Wappen%20Hohenlohekreis.svg,"KÜN, ÖHR",4025559-1,3220748,62394,NULL,Hohenlohekreis,Hohenlohe,arrondissement de Hohenlohe,"Landkreis in Baden-Württemberg, Deutschland","district of Baden-Württemberg, Germany",arrondissement allemand de Bade-Wurtemberg,https://de.wikipedia.org/wiki/Hohenlohekreis,https://en.wikipedia.org/wiki/Hohenlohe_(district),https://fr.wikipedia.org/wiki/Arrondissement_de_Hohenlohe
http://www.wikidata.org/entity/Q20738676,http://www.wikidata.org/entity/Q8172,Point(9.71 49.57),"129842 (2014-01-03T00:00:00Z), 132321, 132181","1304.41 (2015-12-31T00:00:00Z), 1304.42",http://commons.wikimedia.org/wiki/Special:FilePath/Wappen%20Main-Tauber-Kreis.svg,TBB,4100025-0,3220782,62542,NULL,Main-Tauber-Kreis,Main-Tauber-Kreis,arrondissement de Main-Tauber,Landkreis in Baden-Württemberg,"district of Baden-Württemberg, Germany",arrondissement allemand de Bade-Wurtemberg,https://de.wikipedia.org/wiki/Main-Tauber-Kreis,https://en.wikipedia.org/wiki/Main-Tauber-Kreis,https://fr.wikipedia.org/wiki/Arrondissement_de_Main-Tauber
"http://www.wikidata.org/entity/Q106517174 (2012-01-01T00:00:00Z), http://www.wikidata.org/entity/Q20738676",http://www.wikidata.org/entity/Q8172,Point(10.1 48.866666666),"314002, 306484 (2014-01-03T00:00:00Z), 294146 (1990-12-31T00:00:00Z), 316159 (2006-06-30T00:00:00Z), 314198 (2000-12-31T00:00:00Z), 312650 (2015-12-31T00:00:00Z), 274804 (1973-12-31T00:00:00Z), 279572 (1987-05-27T00:00:00Z), 272353 (1975-12-31T00:00:00Z), 276524 (1985-12-31T00:00:00Z), 311110 (1995-12-31T00:00:00Z), 275793 (1980-12-31T00:00:00Z), 316760 (2005-12-31T00:00:00Z), 311587 (2016-12-31T00:00:00Z)","1511.57, 1511.57 (2015-12-31T00:00:00Z)",http://commons.wikimedia.org/wiki/Special:FilePath/DEU%20Ostalbkreis%20COA.svg,"AA, GD",4043998-7,2856827,62708,NULL,Ostalbkreis,Ostalbkreis,arrondissement d'Ostalb,Landkreis in Baden-Württemberg,"district of Baden-Württemberg, Germany",arrondissement allemand de Bade-Wurtemberg,https://de.wikipedia.org/wiki/Ostalbkreis,https://en.wikipedia.org/wiki/Ostalbkreis,https://fr.wikipedia.org/wiki/Arrondissement_d%27Ostalb
http://www.wikidata.org/entity/Q20738676,http://www.wikidata.org/entity/Q8172,Point(10.12 48.64),"130527 (2015-12-31T00:00:00Z), 127608 (2014-01-03T00:00:00Z)","627.13 (2015-12-31T00:00:00Z), 627.19",http://commons.wikimedia.org/wiki/Special:FilePath/Wappen%20Landkreis%20Heidenheim.svg,HDH,4024008-3,3220738,2812850,NULL,Landkreis Heidenheim,district Heidenheim,arrondissement de Heidenheim,Landkreis in Baden-Württemberg,"district in Baden-Württemberg, Germany",arrondissement allemand de Bade-Wurtemberg,https://de.wikipedia.org/wiki/Landkreis_Heidenheim,https://en.wikipedia.org/wiki/Heidenheim_(district),https://fr.wikipedia.org/wiki/Arrondissement_de_Heidenheim
http://www.wikidata.org/entity/Q20738676,http://www.wikidata.org/entity/Q8172,Point(9.91 49.15),"191614 (2015-12-31T00:00:00Z), 195861 (2019-10-31T00:00:00Z), 186928 (2014-01-09T00:00:00Z)","1484 (2015-12-31T00:00:00Z), 1484.06",http://commons.wikimedia.org/wiki/Special:FilePath/DEU%20Landkreis%20Schw%C3%A4bisch%20Hall%20COA.svg,"SHA, CR, BK",4053685-3,3220784,62582,NULL,Landkreis Schwäbisch Hall,Landkreis Schwäbisch Hall,arrondissement de Schwäbisch Hall,Landkreis in Baden-Württemberg,"district of Baden-Württemberg, Germany",arrondissement allemand de Bade-Wurtemberg,https://de.wikipedia.org/wiki/Landkreis_Schw%C3%A4bisch_Hall,https://en.wikipedia.org/wiki/Schw%C3%A4bisch_Hall_(district),https://fr.wikipedia.org/wiki/Arrondissement_de_Schw%C3%A4bisch_Hall
http://www.wikidata.org/entity/Q20738676,"http://www.wikidata.org/entity/Q2137691 (1952-04-25T00:00:00Z - 1972-12-31T00:00:00Z), http://www.wikidata.org/entity/Q8172 (1973-01-01T00:00:00Z)",Point(9.65 48.7),"247835 (2014-01-03T00:00:00Z), 252749 (2015-12-31T00:00:00Z), 257253",642.36 (2015-12-31T00:00:00Z),http://commons.wikimedia.org/wiki/Special:FilePath/Wappen%20Landkreis%20Goeppingen.svg,GP,4021435-7,2919053,2812852,NULL,Landkreis Göppingen,Göppingen,arrondissement de Göppingen,Landkreis in Baden-Württemberg,"district in Baden-Württemberg, Germany",arrondissement allemand de Bade-Wurtemberg,https://de.wikipedia.org/wiki/Landkreis_G%C3%B6ppingen,https://en.wikipedia.org/wiki/G%C3%B6ppingen_(district),https://fr.wikipedia.org/wiki/Arrondissement_de_G%C3%B6ppingen
http://www.wikidata.org/entity/Q20738676,http://www.wikidata.org/entity/Q8172,Point(9.533333333 48.916666666),"426158 (2019-10-31T00:00:00Z), 419456 (2015-12-31T00:00:00Z)",858.14 (2015-12-31T00:00:00Z),http://commons.wikimedia.org/wiki/Special:FilePath/DEU%20Rems-Murr-Kreis%20COA.svg,WN,4049449-4,3220783,62412,7097476498,Rems-Murr-Kreis,Rems-Murr,arrondissement de Rems-Murr,Landkreis in Baden-Württemberg,"district in Baden-Wurttemberg, Germany",arrondissement allemand de Bade-Wurtemberg,https://de.wikipedia.org/wiki/Rems-Murr-Kreis,https://en.wikipedia.org/wiki/Rems-Murr-Kreis,https://fr.wikipedia.org/wiki/Arrondissement_de_Rems-Murr
http://www.wikidata.org/entity/Q20738676,http://www.wikidata.org/entity/Q8172,Point(9.32 48.69),"533859 (2019-10-31T00:00:00Z), 508577 (2014-01-03T00:00:00Z)","641.48 (2015-12-31T00:00:00Z), 641.49",http://commons.wikimedia.org/wiki/Special:FilePath/Wappen%20Landkreis%20Esslingen.svg,ES,4015576-6,2928748,2812851,NULL,Landkreis Esslingen,Esslingen,arrondissement d'Esslingen,Landkreis in Baden-Württemberg,"district in Baden-Württemberg, Germany",arrondissement allemand de Bade-Wurtemberg,https://de.wikipedia.org/wiki/Landkreis_Esslingen,https://en.wikipedia.org/wiki/Esslingen_(district),https://fr.wikipedia.org/wiki/Arrondissement_d%27Esslingen
http://www.wikidata.org/entity/Q20738676,http://www.wikidata.org/entity/Q8172,Point(9.01 48.7),"367208 (2014-01-03T00:00:00Z), 381281 (2015-12-31T00:00:00Z), 391640 (2019-10-31T00:00:00Z)","617.82 (2015-12-31T00:00:00Z), 617.83 (1972-01-01T00:00:00Z)",http://commons.wikimedia.org/wiki/Special:FilePath/DEU%20Landkreis%20B%C3%B6blingen%20COA.svg,BB,4007431-6,2947443,62721,NULL,Landkreis Böblingen,Böblingen district,arrondissement de Böblingen,Landkreis in Baden-Württemberg,"district of Baden-Württemberg, Germany",arrondissement allemand de Bade-Wurtemberg,https://de.wikipedia.org/wiki/Landkreis_B%C3%B6blingen,https://en.wikipedia.org/wiki/B%C3%B6blingen_(district),https://fr.wikipedia.org/wiki/Arrondissement_de_B%C3%B6blingen
"http://www.wikidata.org/entity/Q106517174 (2012-01-01T00:00:00Z), http://www.wikidata.org/entity/Q20738676","http://www.wikidata.org/entity/Q131383997 (1945-09-19T00:00:00Z - 1952-04-25T00:00:00Z), http://www.wikidata.org/entity/Q2137691 (1952-04-25T00:00:00Z - 1973-01-01T00:00:00Z), http://www.wikidata.org/entity/Q8172 (1973-01-01T00:00:00Z)",Point(9.2 48.9),"521633 (2013-12-31T00:00:00Z), 534074 (2015-12-31T00:00:00Z)","686.83 (2015-12-31T00:00:00Z), 687.17",http://commons.wikimedia.org/wiki/Special:FilePath/Wappen%20Landkreis%20Ludwigsburg.svg,LB,4036470-7,3220752,62536,NULL,Landkreis Ludwigsburg,Ludwigsburg District,arrondissement de Louisbourg,Landkreis in Baden-Württemberg,"district in Baden-Württemberg, Germany",arrondissement allemand de Bade-Wurtemberg,https://de.wikipedia.org/wiki/Landkreis_Ludwigsburg,https://en.wikipedia.org/wiki/Ludwigsburg_(district),https://fr.wikipedia.org/wiki/Arrondissement_de_Louisbourg
http://www.wikidata.org/entity/Q106658,http://www.wikidata.org/entity/Q1055,NULL,,,NULL,NULL,NULL,NULL,NULL,NULL,Landkreis Hamburg,Landkreis Hamburg,NULL,ehemaliger Landkreis in Hamburg,NULL,NULL,NULL,NULL,NULL
http://www.wikidata.org/entity/Q106658,http://www.wikidata.org/entity/Q1202,NULL,,318.44,NULL,NULL,NULL,NULL,NULL,NULL,Landkreis Hainichen,Hainichen,NULL,ehemaliger Landkreis in Deutschland,former district of Germany,NULL,https://de.wikipedia.org/wiki/Landkreis_Hainichen,NULL,NULL
"http://www.wikidata.org/entity/Q106658 (1990-10-03T00:00:00Z), http://www.wikidata.org/entity/Q15849374","http://www.wikidata.org/entity/Q1202 (1990-10-03T00:00:00Z - 1990-12-31T00:00:00Z), http://www.wikidata.org/entity/Q24186 (1991-01-01T00:00:00Z - 1994-08-01T00:00:00Z), http://www.wikidata.org/entity/Q48079 (1952-07-25T00:00:00Z - 1990-10-03T00:00:00Z)",NULL,,,NULL,NULL,NULL,NULL,NULL,NULL,Kreis Leipzig-Land,Kreis Leipzig-Land,Kreis Leipzig-Land,Kreis in der DDR,rural district of East Germany,NULL,https://de.wikipedia.org/wiki/Kreis_Leipzig-Land,NULL,NULL
http://www.wikidata.org/entity/Q106658,http://www.wikidata.org/entity/Q1202,NULL,,,NULL,NULL,NULL,NULL,NULL,NULL,Landkreis Löbau,NULL,arrondissement de Löbau,"Landkreis in Sachsen, Deutschland (1990-1994)",rural district of Germany,NULL,https://de.wikipedia.org/wiki/Landkreis_L%C3%B6bau_(Sachsen),NULL,NULL
"http://www.wikidata.org/entity/Q106658 (1990-10-03T00:00:00Z), http://www.wikidata.org/entity/Q15849374","http://www.wikidata.org/entity/Q1202 (1990-10-03T00:00:00Z - 1990-12-31T00:00:00Z), http://www.wikidata.org/entity/Q24186 (1991-01-01T00:00:00Z - 1994-08-01T00:00:00Z), http://www.wikidata.org/entity/Q48079 (1952-07-25T00:00:00Z - 1990-10-03T00:00:00Z)",NULL,,,NULL,NULL,NULL,NULL,NULL,NULL,Kreis Borna,NULL,NULL,Kreis in der DDR,rural district of East Germany,NULL,https://de.wikipedia.org/wiki/Kreis_Borna,NULL,NULL
"http://www.wikidata.org/entity/Q106658 (1990-01-01T00:00:00Z - 1994-01-01T00:00:00Z), http://www.wikidata.org/entity/Q15849374 (1954-01-01T00:00:00Z - 1990-01-01T00:00:00Z)","http://www.wikidata.org/entity/Q1202 (1990-01-01T00:00:00Z), http://www.wikidata.org/entity/Q48050",Point(14.0 51.0),,,NULL,NULL,2005473-7,NULL,NULL,NULL,Kreis Bautzen,NULL,arrondissement de Bautzen,"Kreis in der DDR (1954-1990) und Landkreis in Sachsen, Deutschland (1990-1994)",NULL,NULL,https://de.wikipedia.org/wiki/Kreis_Bautzen,NULL,NULL
"http://www.wikidata.org/entity/Q106658 (1990-10-03T00:00:00Z), http://www.wikidata.org/entity/Q15849374","http://www.wikidata.org/entity/Q1202 (1990-10-03T00:00:00Z - 1994-08-01T00:00:00Z), http://www.wikidata.org/entity/Q24186 (1991-01-01T00:00:00Z - 1994-08-01T00:00:00Z), http://www.wikidata.org/entity/Q48079 (1952-07-25T00:00:00Z - 1990-10-03T00:00:00Z)",Point(13.11 51.12),,,NULL,NULL,NULL,NULL,NULL,NULL,Kreis Döbeln,NULL,NULL,Kreis in der DDR,NULL,NULL,https://de.wikipedia.org/wiki/Kreis_D%C3%B6beln,NULL,NULL
"http://www.wikidata.org/entity/Q106658 (1990-10-03T00:00:00Z), http://www.wikidata.org/entity/Q15849374","http://www.wikidata.org/entity/Q1202 (1990-10-03T00:00:00Z - 1990-12-31T00:00:00Z), http://www.wikidata.org/entity/Q24186 (1991-01-01T00:00:00Z - 1994-08-01T00:00:00Z), http://www.wikidata.org/entity/Q48079 (1952-07-25T00:00:00Z - 1990-10-03T00:00:00Z)",NULL,,,NULL,NULL,NULL,NULL,NULL,NULL,Kreis Oschatz,NULL,NULL,Kreis in der DDR,NULL,NULL,https://de.wikipedia.org/wiki/Kreis_Oschatz,NULL,NULL
http://www.wikidata.org/entity/Q106658,http://www.wikidata.org/entity/Q1202,NULL,,353.73,NULL,NULL,5072894-5,NULL,NULL,NULL,Landkreis Brand-Erbisdorf,Brand-Erbisdorf,NULL,ehemaliger Landkreis in Deutschland,former district of Germany,NULL,https://de.wikipedia.org/wiki/Landkreis_Brand-Erbisdorf,NULL,NULL
http://www.wikidata.org/entity/Q106658,http://www.wikidata.org/entity/Q1202,NULL,,,NULL,NULL,4085488-7,NULL,NULL,NULL,Landkreis Dresden,Dresden (Germany : Landkreis),Landkreis Dresden,"ehemaliger Landkreis in Sachsen, bestehend von 1939 bis 1952",NULL,NULL,NULL,NULL,NULL
http://www.wikidata.org/entity/Q106658,http://www.wikidata.org/entity/Q24198,Point(13.0 50.58),,438.17,http://commons.wikimedia.org/wiki/Special:FilePath/Landkreiswappen%20des%20Landkreises%20Annaberg.png,ANA,4330984-7,NULL,NULL,NULL,Landkreis Annaberg,Annaberg,arrondissement d'Annaberg,ehemaliger Landkreis in Sachsen,"former district in Saxony, Germany",NULL,https://de.wikipedia.org/wiki/Landkreis_Annaberg,https://en.wikipedia.org/wiki/Annaberg_(district),https://fr.wikipedia.org/wiki/Arrondissement_d%27Annaberg
http://www.wikidata.org/entity/Q106658,http://www.wikidata.org/entity/Q24186 (1994-08-01T00:00:00Z - 2008-08-01T00:00:00Z),Point(12.34 51.53),,851.93,http://commons.wikimedia.org/wiki/Special:FilePath/Wappen%20Landkreis%20Delitzsch.png,DZ,4085409-7,NULL,NULL,NULL,Landkreis Delitzsch,Delitzsch,arrondissement de Delitzsch,ehemaliger Landkreis in Sachsen,former district of Germany,NULL,https://de.wikipedia.org/wiki/Landkreis_Delitzsch,https://en.wikipedia.org/wiki/Delitzsch_(district),https://fr.wikipedia.org/wiki/Arrondissement_de_Delitzsch
"http://www.wikidata.org/entity/Q106517174 (2004-09-24T00:00:00Z), http://www.wikidata.org/entity/Q106658",http://www.wikidata.org/entity/Q24186 (1994-08-01T00:00:00Z - 2008-08-01T00:00:00Z),Point(13.11 51.12),,424.34,http://commons.wikimedia.org/wiki/Special:FilePath/Wappen%20Landkreis%20Doebeln.png,NULL,4260451-5,NULL,NULL,NULL,Landkreis Döbeln,Döbeln,arrondissement de Döbeln,ehemaliger Landkreis in Sachsen,former district of Germany,NULL,https://de.wikipedia.org/wiki/Landkreis_D%C3%B6beln,https://en.wikipedia.org/wiki/D%C3%B6beln_(district),https://fr.wikipedia.org/wiki/Arrondissement_de_D%C3%B6beln
http://www.wikidata.org/entity/Q106658,http://www.wikidata.org/entity/Q1202,Point(13.34 50.91),,913.79,http://commons.wikimedia.org/wiki/Special:FilePath/Wappen%20Landkreis%20Freiberg.png,FG,4363674-3,NULL,NULL,NULL,Landkreis Freiberg,Freiberg,arrondissement de Freiberg,ehemaliger Landkreis in Sachsen,former district of Germany in the Free State of Saxony,ancien arrondissement en Allemagne,https://de.wikipedia.org/wiki/Landkreis_Freiberg,https://en.wikipedia.org/wiki/Freiberg_(district),https://fr.wikipedia.org/wiki/Arrondissement_de_Freiberg
http://www.wikidata.org/entity/Q106658 (1994-08-01T00:00:00Z - 2008-07-31T00:00:00Z),http://www.wikidata.org/entity/Q24186 (1994-08-01T00:00:00Z - 2008-07-31T00:00:00Z),Point(12.5 51.11666667),,752.2,http://commons.wikimedia.org/wiki/Special:FilePath/Wappen%20Landkreis%20Leipziger%20Land.png,NULL,4370529-7,NULL,NULL,NULL,Landkreis Leipziger Land,Leipziger Land,arrondissement de Leipzig-Campagne,ehemaliger Landkreis in Sachsen,former district of Germany in Saxony,NULL,https://de.wikipedia.org/wiki/Landkreis_Leipziger_Land,https://en.wikipedia.org/wiki/Leipziger_Land,https://fr.wikipedia.org/wiki/Arrondissement_du_Pays-de-Leipzig
http://www.wikidata.org/entity/Q106658 (1996-01-01T00:00:00Z - 2008-08-01T00:00:00Z),http://www.wikidata.org/entity/Q24174,NULL,,631.69,http://commons.wikimedia.org/wiki/Special:FilePath/Wappen%20Landkreis%20Meissen.svg,MEI,NULL,NULL,NULL,NULL,Landkreis Meißen,Meißen,arrondissement de Meissen,"Landkreis in Sachsen, Deutschland (1996-2008)",former district of Germany,ancien arrondissement d'Allemagne,https://de.wikipedia.org/wiki/Landkreis_Mei%C3%9Fen_(1996%E2%80%932008),NULL,https://fr.wikipedia.org/wiki/Arrondissement_de_Meissen_(1996-2008)
http://www.wikidata.org/entity/Q106658,http://www.wikidata.org/entity/Q1202,Point(12.98 50.99),127960 (2007-12-31T00:00:00Z),773.2,http://commons.wikimedia.org/wiki/Special:FilePath/Wappen%20Landkreis%20Mittweida.png,MW,4429051-2,NULL,NULL,NULL,Landkreis Mittweida,Mittweida,arrondissement de Mittweida,ehemaliger Landkreis in Sachsen,former district of Germany in Saxony,NULL,https://de.wikipedia.org/wiki/Landkreis_Mittweida,https://en.wikipedia.org/wiki/Mittweida_(district),https://fr.wikipedia.org/wiki/Arrondissement_de_Mittweida
http://www.wikidata.org/entity/Q106658,http://www.wikidata.org/entity/Q1202,Point(14.806667 51.333611),,1340.29,http://commons.wikimedia.org/wiki/Special:FilePath/Wappen%20Niederschlesischer%20Oberlausitzkreis.png,NOL,4460854-8,NULL,NULL,NULL,Niederschlesischer Oberlausitzkreis,Niederschlesischer Oberlausitzkreis,arrondissement de Haute-Lusace-Basse-Silésienne,ehemaliger Landkreis in Sachsen,former district of Germany,NULL,https://de.wikipedia.org/wiki/Niederschlesischer_Oberlausitzkreis,https://en.wikipedia.org/wiki/Niederschlesischer_Oberlausitzkreis,https://fr.wikipedia.org/wiki/Arrondissement_de_Haute-Lusace-Basse-Sil%C3%A9sienne
http://www.wikidata.org/entity/Q106658 (1994-01-01T00:00:00Z - 2008-01-01T00:00:00Z),http://www.wikidata.org/entity/Q24186 (1994-08-01T00:00:00Z - 2008-08-01T00:00:00Z),Point(12.73 51.24),,894.02,http://commons.wikimedia.org/wiki/Special:FilePath/Wappen%20Muldentalkreis.svg,MTL,4394371-8,NULL,NULL,NULL,Muldentalkreis,Muldental,arrondissement de la Vallée-de-Mulde,ehemaliger Landkreis in Sachsen,former district of Germany in Saxony,ancien arrondissement de Saxe (Allemagne),https://de.wikipedia.org/wiki/Muldentalkreis,https://en.wikipedia.org/wiki/Muldentalkreis,https://fr.wikipedia.org/wiki/Arrondissement_de_la_Vall%C3%A9e-de-Mulde
http://www.wikidata.org/entity/Q106658,http://www.wikidata.org/entity/Q1202,Point(13.55 51.283333333),,820.54,http://commons.wikimedia.org/wiki/Special:FilePath/Wappen%20Landkreis%20Riesa-Grossenhain.png,NULL,4461427-5,NULL,NULL,NULL,Landkreis Riesa-Großenhain,Riesa-Großenhain,arrondissement de Riesa-Grossenhain,ehemaliger Landkreis in Sachsen,former district of Germany in Saxony,NULL,https://de.wikipedia.org/wiki/Landkreis_Riesa-Gro%C3%9Fenhain,https://en.wikipedia.org/wiki/Riesa-Gro%C3%9Fenhain,https://fr.wikipedia.org/wiki/Arrondissement_de_Riesa-Grossenhain
http://www.wikidata.org/entity/Q106658,http://www.wikidata.org/entity/Q24198 (1994-08-01T00:00:00Z - 2008-08-01T00:00:00Z),Point(12.78 50.71),,266.49,http://commons.wikimedia.org/wiki/Special:FilePath/Wappen%20Landkreis%20Stollberg.svg,NULL,4311134-8,NULL,NULL,NULL,Landkreis Stollberg,Stollberg,arrondissement de Stollberg,ehemaliger Landkreis in Sachsen,former district of Germany in Saxony,ancien arrondissement d'Allemagne,https://de.wikipedia.org/wiki/Landkreis_Stollberg,https://en.wikipedia.org/wiki/Stollberg_(district),https://fr.wikipedia.org/wiki/Arrondissement_de_Stollberg
http://www.wikidata.org/entity/Q106658,http://www.wikidata.org/entity/Q24174,Point(13.933333333 50.966666666),139230,887.89,http://commons.wikimedia.org/wiki/Special:FilePath/Wappen%20Landkreis%20Saechsische%20Schweiz.svg,PIR,4521008-1,3305812,NULL,NULL,Landkreis Sächsische Schweiz,Sächsische Schweiz,arrondissement de Suisse-Saxonne,ehemaliger Landkreis in Sachsen,former district of Germany in Saxony,ancien arrondissement d'Allemagne,https://de.wikipedia.org/wiki/Landkreis_S%C3%A4chsische_Schweiz,https://en.wikipedia.org/wiki/S%C3%A4chsische_Schweiz_(district),https://fr.wikipedia.org/wiki/Arrondissement_de_Suisse-Saxonne
http://www.wikidata.org/entity/Q106658,http://www.wikidata.org/entity/Q1202,Point(12.38 50.73),,511.03,http://commons.wikimedia.org/wiki/Special:FilePath/Wappen%20Landkreis%20Zwickauer%20Land.png,NULL,4439933-9,NULL,NULL,NULL,Landkreis Zwickauer Land,Zwickauer Land,arrondissement de Zwickau-Campagne,ehemaliger Landkreis in Sachsen,former district of Germany in Saxony,"arrondissement de Saxe, Allemagne",https://de.wikipedia.org/wiki/Landkreis_Zwickauer_Land,https://en.wikipedia.org/wiki/Zwickauer_Land,https://fr.wikipedia.org/wiki/Arrondissement_de_Zwickau-Campagne
http://www.wikidata.org/entity/Q106658 (1994-01-01T00:00:00Z - 2008-08-01T00:00:00Z),http://www.wikidata.org/entity/Q24186 (1994-08-01T00:00:00Z - 2008-08-01T00:00:00Z),Point(13.01 51.56),,1167.53,http://commons.wikimedia.org/wiki/Special:FilePath/Wappen%20Landkreis%20Torgau-Oschatz.png,TO,4438426-9,NULL,NULL,NULL,Landkreis Torgau-Oschatz,Torgau-Oschatz,arrondissement de Torgau-Oschatz,ehemaliger Landkreis in Sachsen,former district of Germany in Saxony,ancien arrondissement d'Allemagne,https://de.wikipedia.org/wiki/Landkreis_Torgau-Oschatz,https://en.wikipedia.org/wiki/Torgau-Oschatz,https://fr.wikipedia.org/wiki/Arrondissement_de_Torgau-Oschatz
http://www.wikidata.org/entity/Q106658,http://www.wikidata.org/entity/Q24174,Point(13.666666666 50.893333333),,765.71,http://commons.wikimedia.org/wiki/Special:FilePath/Wappen%20Weisseritzkreis.png,DW,NULL,NULL,NULL,NULL,Weißeritzkreis,Weißeritzkreis,arrondissement de Weisseritz,ehemaliger Landkreis in Sachsen,former district of Germany in Saxony,NULL,https://de.wikipedia.org/wiki/Wei%C3%9Feritzkreis,https://en.wikipedia.org/wiki/Wei%C3%9Feritzkreis,https://fr.wikipedia.org/wiki/Arrondissement_de_Weisseritz
"http://www.wikidata.org/entity/Q106517174 (2004-09-24T00:00:00Z), http://www.wikidata.org/entity/Q61708063",http://www.wikidata.org/entity/Q1202,Point(14.266666666 51.283333333),"298230 (2022-10-30T00:00:00Z), 296506 (2023-12-31T00:00:00Z)",2390.7,http://commons.wikimedia.org/wiki/Special:FilePath/Wappen%20Landkreis%20Bautzen.svg,"BIW, BZ, KM, HY",4004969-3,2951880,62384,NULL,Landkreis Bautzen,Bautzen District,arrondissement de Bautzen,Landkreis in Sachsen,district in the state of Saxony in Germany,arrondissement allemand de Saxe,https://de.wikipedia.org/wiki/Landkreis_Bautzen,https://en.wikipedia.org/wiki/Bautzen_(district),https://fr.wikipedia.org/wiki/Arrondissement_de_Bautzen
http://www.wikidata.org/entity/Q106658,http://www.wikidata.org/entity/Q24174 (1991-01-01T00:00:00Z),Point(13.65 51.01),,,NULL,FTL,NULL,NULL,NULL,NULL,Landkreis Freital,Freital,arrondissement de Freital,ehemaliger Landkreis in Sachsen,former district of Germany,NULL,https://de.wikipedia.org/wiki/Landkreis_Freital,NULL,NULL
"http://www.wikidata.org/entity/Q106658 (1990-10-03T00:00:00Z), http://www.wikidata.org/entity/Q15849374","http://www.wikidata.org/entity/Q1202 (1990-10-03T00:00:00Z - 1990-12-31T00:00:00Z), http://www.wikidata.org/entity/Q24186 (1991-01-01T00:00:00Z - 1994-08-01T00:00:00Z), http://www.wikidata.org/entity/Q48079 (1952-07-25T00:00:00Z - 1990-10-03T00:00:00Z)",NULL,,,NULL,NULL,NULL,NULL,NULL,NULL,Kreis Geithain,NULL,NULL,Kreis in der DDR,rural district of East Germany,NULL,https://de.wikipedia.org/wiki/Kreis_Geithain,NULL,NULL
http://www.wikidata.org/entity/Q106658,http://www.wikidata.org/entity/Q24174,NULL,,,NULL,PIR,4331088-6,NULL,NULL,NULL,Landkreis Pirna,Pirna,arrondissement de Pirna,ehemaliger Landkreis in Sachsen,Germany : Landkreis,NULL,NULL,NULL,NULL
"http://www.wikidata.org/entity/Q106658 (1990-10-03T00:00:00Z), http://www.wikidata.org/entity/Q15849374","http://www.wikidata.org/entity/Q1202 (1990-10-03T00:00:00Z - 1990-12-31T00:00:00Z), http://www.wikidata.org/entity/Q24186 (1991-01-01T00:00:00Z - 1994-08-01T00:00:00Z), http://www.wikidata.org/entity/Q48079 (1952-07-25T00:00:00Z - 1990-10-03T00:00:00Z)",NULL,,,NULL,NULL,NULL,NULL,NULL,NULL,Kreis Delitzsch,NULL,NULL,Kreis in der DDR,NULL,NULL,https://de.wikipedia.org/wiki/Kreis_Delitzsch,NULL,NULL
"http://www.wikidata.org/entity/Q106658 (1990-10-03T00:00:00Z - 1994-08-01T00:00:00Z), http://www.wikidata.org/entity/Q15849374 (1952-07-25T00:00:00Z - 1990-10-03T00:00:00Z)","http://www.wikidata.org/entity/Q1202 (1990-10-03T00:00:00Z - 1990-12-31T00:00:00Z), http://www.wikidata.org/entity/Q24186 (1991-01-01T00:00:00Z - 1994-08-01T00:00:00Z), http://www.wikidata.org/entity/Q48079 (1952-07-25T00:00:00Z - 1990-10-03T00:00:00Z)",NULL,,,NULL,NULL,5081146-0,NULL,NULL,NULL,Kreis Eilenburg,Eilenburg,NULL,"Kreis in der DDR, der bis zur 1. Kreisreform Sachsens 1994 im wiedervereinigten Deutschland als Landkreis fortbestand.",former subdistrict of the German Democratic Republic,NULL,https://de.wikipedia.org/wiki/Kreis_Eilenburg,NULL,NULL
"http://www.wikidata.org/entity/Q106658 (1990-10-03T00:00:00Z), http://www.wikidata.org/entity/Q15849374","http://www.wikidata.org/entity/Q1202 (1990-10-03T00:00:00Z - 1990-12-31T00:00:00Z), http://www.wikidata.org/entity/Q24186 (1991-01-01T00:00:00Z - 1994-08-01T00:00:00Z), http://www.wikidata.org/entity/Q48079 (1952-07-25T00:00:00Z - 1990-10-03T00:00:00Z)",NULL,,,NULL,NULL,NULL,NULL,NULL,NULL,Kreis Grimma,Grimma District,NULL,Kreis in der DDR,former district of Germany,NULL,https://de.wikipedia.org/wiki/Kreis_Grimma,NULL,NULL
"http://www.wikidata.org/entity/Q106658 (1990-10-03T00:00:00Z), http://www.wikidata.org/entity/Q15849374","http://www.wikidata.org/entity/Q1202 (1990-10-03T00:00:00Z - 1990-12-31T00:00:00Z), http://www.wikidata.org/entity/Q24186 (1991-01-01T00:00:00Z - 1994-08-01T00:00:00Z), http://www.wikidata.org/entity/Q48079 (1952-07-25T00:00:00Z - 1990-10-03T00:00:00Z)",NULL,,,NULL,NULL,4357677-1,NULL,NULL,NULL,Kreis Torgau,Kreis Torgau,NULL,Kreis in der DDR,NULL,NULL,https://de.wikipedia.org/wiki/Kreis_Torgau,NULL,NULL
"http://www.wikidata.org/entity/Q106658 (1990-10-03T00:00:00Z), http://www.wikidata.org/entity/Q15849374","http://www.wikidata.org/entity/Q1202 (1990-10-03T00:00:00Z - 1990-12-31T00:00:00Z), http://www.wikidata.org/entity/Q24186 (1991-01-01T00:00:00Z - 1994-08-01T00:00:00Z), http://www.wikidata.org/entity/Q48079 (1952-07-25T00:00:00Z - 1990-10-03T00:00:00Z)",NULL,,,NULL,NULL,NULL,NULL,NULL,NULL,Kreis Wurzen,NULL,NULL,Kreis in der DDR,NULL,NULL,https://de.wikipedia.org/wiki/Kreis_Wurzen,NULL,NULL
http://www.wikidata.org/entity/Q106658 (1990-10-03T00:00:00Z - 1994-08-01T00:00:00Z),"http://www.wikidata.org/entity/Q1202 (1990-10-03T00:00:00Z - 1991-01-01T00:00:00Z), http://www.wikidata.org/entity/Q24198 (1991-01-01T00:00:00Z - 1994-04-01T00:00:00Z)",Point(12.916666666 50.833333333),99126 (1989-12-31T00:00:00Z),267,NULL,C,NULL,NULL,NULL,NULL,Landkreis Chemnitz,Chemnitz,arrondissement de Chemnitz,"ehemaliger Landkreis in Sachsen, Deutschland (1990-1994)",former district of Germany,NULL,https://de.wikipedia.org/wiki/Landkreis_Chemnitz_(1990%E2%80%931994),NULL,NULL
http://www.wikidata.org/entity/Q106658,http://www.wikidata.org/entity/Q24174,NULL,,,NULL,SEB,4054062-5,NULL,NULL,NULL,Landkreis Sebnitz,Sebnitz,arrondissement de Sebnitz,ehemaliger Landkreis in Sachsen,Germany : Landkreis,NULL,NULL,NULL,NULL
http://www.wikidata.org/entity/Q61708063,http://www.wikidata.org/entity/Q1202,Point(12.75 51.5),"198629 (2014-01-07T00:00:00Z), 199927 (2022-10-31T00:00:00Z), 199688 (2023-12-31T00:00:00Z)",2020,http://commons.wikimedia.org/wiki/Special:FilePath/Wappen%20vom%20Landkreis%20Nordsachsen.svg,TDO,7632282-8,2821806,62547,NULL,Landkreis Nordsachsen,Nordsachsen,Saxe-du-Nord,Landkreis in Sachsen,"district in Saxony, Germany","arrondissment de la Saxe, Allemagne",https://de.wikipedia.org/wiki/Landkreis_Nordsachsen,https://en.wikipedia.org/wiki/Nordsachsen,https://fr.wikipedia.org/wiki/Arrondissement_de_Saxe_du_Nord
"http://www.wikidata.org/entity/Q106517174 (2004-09-24T00:00:00Z), http://www.wikidata.org/entity/Q61708063",http://www.wikidata.org/entity/Q1202,Point(12.5 51.116666666),"259207 (2014-01-03T00:00:00Z), 260479 (2022-10-31T00:00:00Z), 261573 (2023-12-31T00:00:00Z)",1.65,http://commons.wikimedia.org/wiki/Special:FilePath/Wappen%20Landkreis%20Leipzig.svg,"WUR, L, MTL, GHA, GRM, BNA",4111250-7,2879138,62434,NULL,Landkreis Leipzig,Landkreis Leipzig,Leipzig,Landkreis in Sachsen,"district in the federal state of Saxony, Germany",arrondissement en Saxe (Allemagne),https://de.wikipedia.org/wiki/Landkreis_Leipzig,https://en.wikipedia.org/wiki/Leipzig_(district),https://fr.wikipedia.org/wiki/Arrondissement_de_Leipzig
"http://www.wikidata.org/entity/Q106517174 (2004-09-24T00:00:00Z), http://www.wikidata.org/entity/Q61708063",http://www.wikidata.org/entity/Q1202,Point(13.516666666 51.216666666),"244717 (2014-09-06T00:00:00Z), 241619 (2022-10-31T00:00:00Z), 241160 (2023-12-31T00:00:00Z)",1454.59,http://commons.wikimedia.org/wiki/Special:FilePath/Wappen%20vom%20Landkreis%20Meissen%202009.svg,"GRH, RIE, MEI, RG",4541759-3,2872153,62511,NULL,Landkreis Meißen,Meissen District,Meissen,"Landkreis in Sachsen, Deutschland","district of Saxony, Germany","arrondissement de Saxe, Allemagne",https://de.wikipedia.org/wiki/Landkreis_Mei%C3%9Fen,https://en.wikipedia.org/wiki/Meissen_(district),https://fr.wikipedia.org/wiki/Arrondissement_de_Meissen
"http://www.wikidata.org/entity/Q106517174 (2004-09-24T00:00:00Z), http://www.wikidata.org/entity/Q61708063",http://www.wikidata.org/entity/Q1202,Point(14.82 51.28),"250069 (2022-10-31T00:00:00Z), 248479 (2023-12-31T00:00:00Z)",2106.1,http://commons.wikimedia.org/wiki/Special:FilePath/Wappen%20Landkreis%20Goerlitz.svg,"GR, ZI, NOL, NY, WSW, LÖB",4348338-0,2918985,62345,NULL,Landkreis Görlitz,Görlitz,Görlitz,östlichster Landkreis der Bundesrepublik Deutschland in der Oberlausitz im Freistaat Sachsen,"district in Saxony, Germany","arrondissement de Saxe, Allemagne",https://de.wikipedia.org/wiki/Landkreis_G%C3%B6rlitz,https://en.wikipedia.org/wiki/G%C3%B6rlitz_(district),https://fr.wikipedia.org/wiki/Arrondissement_de_G%C3%B6rlitz
http://www.wikidata.org/entity/Q61708063,"http://www.wikidata.org/entity/Q1202 (2012-03-01T00:00:00Z), http://www.wikidata.org/entity/Q24221 (2008-08-01T00:00:00Z - 2012-03-01T00:00:00Z)",Point(13.833333333 50.9),"246258 (2022-10-31T00:00:00Z), 246204 (2022-12-31T00:00:00Z), 246011 (2023-12-31T00:00:00Z)",1653.64,http://commons.wikimedia.org/wiki/Special:FilePath/Wappen%20Landkreis%20Saechsische%20Schweiz-Osterzgebirge.svg,"SEB, DW, PIR, FTL",7638189-4,NULL,62485,NULL,Landkreis Sächsische Schweiz-Osterzgebirge,Sächsische Schweiz-Osterzgebirge,Suisse-Saxonne-Monts-Métallifères-de-l'Est,Landkreis in Sachsen,"district of Saxony, Germany","arrondissement de Saxe, Allemagne",https://de.wikipedia.org/wiki/Landkreis_S%C3%A4chsische_Schweiz-Osterzgebirge,https://en.wikipedia.org/wiki/S%C3%A4chsische_Schweiz-Osterzgebirge,https://fr.wikipedia.org/wiki/Arrondissement_de_Suisse-Saxonne-Monts-M%C3%A9tallif%C3%A8res-de-l%27Est
http://www.wikidata.org/entity/Q61708063,http://www.wikidata.org/entity/Q1202,Point(12.53 50.75),"325137 (2014-12-31T00:00:00Z), 310111 (2023-12-31T00:00:00Z), 311117 (2022-10-31T00:00:00Z)",949.33,http://commons.wikimedia.org/wiki/Special:FilePath/Wappen%20vom%20Landkreis%20Zwickau.svg,"GC, WDA, Z, HOT",4119268-0,2803558,62785,NULL,Landkreis Zwickau,Zwickau,Zwickau,Landkreis in Sachsen,"rural district of Saxony, Germany","arrondissement de Saxe, Allemagne",https://de.wikipedia.org/wiki/Landkreis_Zwickau,https://en.wikipedia.org/wiki/Zwickau_(district),https://fr.wikipedia.org/wiki/Arrondissement_de_Zwickau
http://www.wikidata.org/entity/Q61708063 (2008-08-01T00:00:00Z),http://www.wikidata.org/entity/Q1202,Point(13.183333333 50.916666666),"301110 (2022-10-31T00:00:00Z), 300308 (2023-12-31T00:00:00Z), 306185 (2018-12-31T00:00:00Z)",2116.85,http://commons.wikimedia.org/wiki/Special:FilePath/Wappen%20Mittelsachsen.svg,"FG, BED, FLÖ, HC, RL, DL, MW",7635545-7,2925190,62350,NULL,Landkreis Mittelsachsen,Mittelsachsen,Saxe centrale,Landkreis in Sachsen,German district of Saxony,"arrondissement de Saxe, Allemagne",https://de.wikipedia.org/wiki/Landkreis_Mittelsachsen,https://en.wikipedia.org/wiki/Mittelsachsen,https://fr.wikipedia.org/wiki/Arrondissement_de_Saxe_centrale
"http://www.wikidata.org/entity/Q106517174 (2012-01-01T00:00:00Z), http://www.wikidata.org/entity/Q61708063 (2008-08-01T00:00:00Z)",http://www.wikidata.org/entity/Q1202,Point(12.95 50.6),"329392 (2022-10-31T00:00:00Z), 326896 (2023-12-31T00:00:00Z)",1828.35,http://commons.wikimedia.org/wiki/Special:FilePath/Wappen%20Erzgebirgskreis.svg,ERZ,7635332-1,3305808,62427,NULL,Erzgebirgskreis,Erzgebirgskreis,Monts-Métallifères,"Landkreis in Sachsen, Deutschland","German district of Saxony, Germany","arrondissement de Saxe, Allemagne",https://de.wikipedia.org/wiki/Erzgebirgskreis,https://en.wikipedia.org/wiki/Erzgebirgskreis,https://fr.wikipedia.org/wiki/Arrondissement_des_Monts-M%C3%A9tallif%C3%A8res
http://www.wikidata.org/entity/Q61708063,"http://www.wikidata.org/entity/Q1202 (2012-03-01T00:00:00Z), http://www.wikidata.org/entity/Q24198 (1996-01-01T00:00:00Z - 2008-08-01T00:00:00Z), http://www.wikidata.org/entity/Q24210 (2008-08-01T00:00:00Z - 2012-03-01T00:00:00Z)",Point(12.266666666 50.433333333),"222972 (2022-10-31T00:00:00Z), 227796 (2018-12-31T00:00:00Z), 221953 (2023-12-31T00:00:00Z)",1309.9,http://commons.wikimedia.org/wiki/Special:FilePath/Wappen%20Vogtlandkreis.svg,"V, AE, OVL, PL, RC",4449940-1,6547384,62943,NULL,Vogtlandkreis,Vogtlandkreis,Vogtland,"Landkreis in Sachsen, Deutschland","district of Saxony, Germany","arrondissement de Saxe, Allemagne",https://de.wikipedia.org/wiki/Vogtlandkreis,https://en.wikipedia.org/wiki/Vogtlandkreis,https://fr.wikipedia.org/wiki/Arrondissement_du_Vogtland
http://www.wikidata.org/entity/Q106658 (1994-08-01T00:00:00Z - 2008-08-01T00:00:00Z),http://www.wikidata.org/entity/Q1202,Point(12.7 50.59),,528.33,http://commons.wikimedia.org/wiki/Special:FilePath/Wappen%20Landkreis%20Aue-Schwarzenberg.svg,ASZ,4462791-9,NULL,NULL,NULL,Landkreis Aue-Schwarzenberg,Aue-Schwarzenberg,arrondissement d'Aue-Schwarzenberg,ehemaliger Landkreis in Sachsen,former district of Germany in Saxony,NULL,https://de.wikipedia.org/wiki/Landkreis_Aue-Schwarzenberg,https://en.wikipedia.org/wiki/Aue-Schwarzenberg,https://fr.wikipedia.org/wiki/Arrondissement_d%27Aue-Schwarzenberg
http://www.wikidata.org/entity/Q106658 (1994-08-01T00:00:00Z - 2008-08-01T00:00:00Z),http://www.wikidata.org/entity/Q1202,Point(12.883333333 50.833333333),132159,335.49,http://commons.wikimedia.org/wiki/Special:FilePath/Wappen%20Landkreis%20Chemnitzer%20Land.png,GC,4390911-5,NULL,NULL,NULL,Landkreis Chemnitzer Land,Chemnitzer Land,arrondissement de Chemnitz-Campagne,"ehemaliger Landkreis in Sachsen, Deutschland (1994-2008)",former district in Germany,NULL,https://de.wikipedia.org/wiki/Landkreis_Chemnitzer_Land,https://en.wikipedia.org/wiki/Chemnitzer_Land,https://fr.wikipedia.org/wiki/Arrondissement_de_Chemnitz-Campagne
"http://www.wikidata.org/entity/Q106517174 (2004-09-24T00:00:00Z), http://www.wikidata.org/entity/Q106658",http://www.wikidata.org/entity/Q1202,Point(14.1 51.2667),,1334.73,http://commons.wikimedia.org/wiki/Special:FilePath/Wappen%20Landkreis%20Kamenz.png,NULL,4109981-3,NULL,NULL,NULL,Landkreis Kamenz,Kamenz,arrondissement de Kamenz,ehemaliger Landkreis in Sachsen,"former district of Saxony, Germany","arrondissement (""Landkreis"" en allemand) de Saxe (Allemagne), dans le district de Dresde de 1994 à 2008",https://de.wikipedia.org/wiki/Landkreis_Kamenz,https://en.wikipedia.org/wiki/Kamenz_(district),https://fr.wikipedia.org/wiki/Arrondissement_de_Kamenz
http://www.wikidata.org/entity/Q106658,http://www.wikidata.org/entity/Q1202,Point(14.8 50.9),,698.54,http://commons.wikimedia.org/wiki/Special:FilePath/Wappen%20Landkreis%20Loebau-Zittau.png,ZI,4431938-1,NULL,NULL,NULL,Landkreis Löbau-Zittau,Löbau-Zittau,arrondissement de Löbau-Zittau,ehemaliger Landkreis in Sachsen,former district of Germany in Saxony,NULL,https://de.wikipedia.org/wiki/Landkreis_L%C3%B6bau-Zittau,https://en.wikipedia.org/wiki/L%C3%B6bau-Zittau,https://fr.wikipedia.org/wiki/Arrondissement_de_L%C3%B6bau-Zittau
http://www.wikidata.org/entity/Q106658,http://www.wikidata.org/entity/Q24198,Point(13.15 50.633333),,595.37,http://commons.wikimedia.org/wiki/Special:FilePath/Wappen%20Mittlerer%20Erzgebirgskreis.svg,MEK,4455004-2,NULL,NULL,NULL,Mittlerer Erzgebirgskreis,Mittlerer Erzgebirgskreis,arrondissement des Monts-Métallifères-Centraux,ehemaliger Landkreis in Sachsen,former district of Germany in Saxony,NULL,https://de.wikipedia.org/wiki/Mittlerer_Erzgebirgskreis,https://en.wikipedia.org/wiki/Mittlerer_Erzgebirgskreis,https://fr.wikipedia.org/wiki/Arrondissement_des_Monts-M%C3%A9tallif%C3%A8res-Centraux
http://www.wikidata.org/entity/Q17302772,http://www.wikidata.org/entity/Q1206,Point(11.55 51.516666666),,758.71,http://commons.wikimedia.org/wiki/Special:FilePath/Wappen%20Landkreis%20Mansfelder%20Land.svg,ML,4037393-9,NULL,NULL,NULL,Landkreis Mansfelder Land,Mansfelder Land,arrondissement du Pays-de-Mansfeld,ehemaliger Landkreis in Sachsen-Anhalt,former district of Germany in Saxony-Anhalt,ancien arrondissement de Saxe-Anhalt,https://de.wikipedia.org/wiki/Landkreis_Mansfelder_Land,https://en.wikipedia.org/wiki/Mansfelder_Land_(district),https://fr.wikipedia.org/wiki/Arrondissement_du_pays_de_Mansfeld
http://www.wikidata.org/entity/Q106658,http://www.wikidata.org/entity/Q1206 (1994-07-01T00:00:00Z),Point(11.966667 51.2),,,http://commons.wikimedia.org/wiki/Special:FilePath/Wappen%20Landkreis%20Weissenfels.svg,WSF,4318205-7,NULL,NULL,NULL,Landkreis Weißenfels,Weißenfels District,arrondissement de Weißenfels,"ehemaliger Landkreis in Sachsen-Anhalt, Deutschland","former district in Saxony-Anhalt, Germany",NULL,https://de.wikipedia.org/wiki/Landkreis_Wei%C3%9Fenfels,https://en.wikipedia.org/wiki/Wei%C3%9Fenfels_(district),https://fr.wikipedia.org/wiki/Arrondissement_de_Wei%C3%9Fenfels
"http://www.wikidata.org/entity/Q106517174 (2004-09-24T00:00:00Z), http://www.wikidata.org/entity/Q106658",http://www.wikidata.org/entity/Q1206,Point(12.08 52.0),,1131.75,http://commons.wikimedia.org/wiki/Special:FilePath/Wappen%20Landkreis%20Anhalt-Zerbst.png,AZE,NULL,NULL,NULL,NULL,Landkreis Anhalt-Zerbst,Anhalt-Zerbst,anhalt-zerbst,ehemaliger Landkreis in Sachsen-Anhalt,"former district in Saxony-Anhalt, Germany",NULL,https://de.wikipedia.org/wiki/Landkreis_Anhalt-Zerbst,https://en.wikipedia.org/wiki/Anhalt-Zerbst,NULL
http://www.wikidata.org/entity/Q106658,"http://www.wikidata.org/entity/Q1206 (1994-07-01T00:00:00Z - 2007-07-01T00:00:00Z), http://www.wikidata.org/entity/Q27916627 (1947-07-01T00:00:00Z - 1952-07-25T00:00:00Z)",Point(11.15 51.8),,540.38,http://commons.wikimedia.org/wiki/Special:FilePath/Wappen%20Landkreis%20Quedlinburg.svg,QLB,279780-X,NULL,NULL,NULL,Landkreis Quedlinburg,Quedlinburg,arrondissement de Quedlinburg,ehemaliger Landkreis in Sachsen-Anhalt,former district of Germany in Saxony-Anhalt,NULL,https://de.wikipedia.org/wiki/Landkreis_Quedlinburg,https://en.wikipedia.org/wiki/Quedlinburg_(district),https://fr.wikipedia.org/wiki/Arrondissement_de_Quedlinbourg
"http://www.wikidata.org/entity/Q106517174 (2004-09-24T00:00:00Z), http://www.wikidata.org/entity/Q106658",http://www.wikidata.org/entity/Q1206,Point(12.0 51.366666666),,827.22,http://commons.wikimedia.org/wiki/Special:FilePath/Wappen%20Landkreis%20Merseburg-Querfurt.svg,MQ,NULL,NULL,NULL,NULL,Landkreis Merseburg-Querfurt,Merseburg-Querfurt,arrondissement de Merseburg-Querfurt,ehemaliger Landkreis in Sachsen-Anhalt,former district of Germany in Saxony-Anhalt,NULL,https://de.wikipedia.org/wiki/Landkreis_Merseburg-Querfurt,https://en.wikipedia.org/wiki/Merseburg-Querfurt,NULL
"http://www.wikidata.org/entity/Q106658, http://www.wikidata.org/entity/Q15849374","http://www.wikidata.org/entity/Q1206 (1990-10-03T00:00:00Z - 1994-07-01T00:00:00Z), http://www.wikidata.org/entity/Q48066 (1952-07-25T00:00:00Z - 1990-10-03T00:00:00Z)",NULL,,,NULL,NULL,NULL,NULL,NULL,NULL,Kreis Aschersleben,Aschersleben Rural District,NULL,Kreis in der DDR,rural district of East Germany,NULL,https://de.wikipedia.org/wiki/Kreis_Aschersleben,NULL,NULL
"http://www.wikidata.org/entity/Q106658, http://www.wikidata.org/entity/Q15849374","http://www.wikidata.org/entity/Q1206 (1990-10-03T00:00:00Z - 1994-07-01T00:00:00Z), http://www.wikidata.org/entity/Q48066 (1952-07-25T00:00:00Z - 1990-10-03T00:00:00Z)",NULL,,,NULL,NULL,NULL,NULL,NULL,NULL,Kreis Nebra,Kreis Nebra,NULL,Kreis in der DDR,NULL,NULL,https://de.wikipedia.org/wiki/Kreis_Nebra,NULL,NULL
"http://www.wikidata.org/entity/Q106658, http://www.wikidata.org/entity/Q15849374","http://www.wikidata.org/entity/Q1206 (1990-10-03T00:00:00Z - 1994-07-01T00:00:00Z), http://www.wikidata.org/entity/Q48066 (1952-07-25T00:00:00Z - 1990-10-03T00:00:00Z)",NULL,,,NULL,NULL,2091712-0,NULL,NULL,NULL,Kreis Gräfenhainichen,NULL,NULL,Kreis in der DDR,NULL,NULL,https://de.wikipedia.org/wiki/Kreis_Gr%C3%A4fenhainichen,NULL,NULL
"http://www.wikidata.org/entity/Q106658, http://www.wikidata.org/entity/Q15849374","http://www.wikidata.org/entity/Q1206 (1990-10-03T00:00:00Z - 1994-07-01T00:00:00Z), http://www.wikidata.org/entity/Q48066 (1952-07-25T00:00:00Z - 1990-10-03T00:00:00Z)",NULL,,,NULL,NULL,NULL,NULL,NULL,NULL,Kreis Hettstedt,NULL,NULL,Kreis in der DDR,NULL,NULL,https://de.wikipedia.org/wiki/Kreis_Hettstedt,NULL,NULL
"http://www.wikidata.org/entity/Q106658, http://www.wikidata.org/entity/Q15849374","http://www.wikidata.org/entity/Q1206 (1990-10-03T00:00:00Z - 1994-07-01T00:00:00Z), http://www.wikidata.org/entity/Q48066 (1952-07-25T00:00:00Z - 1990-10-03T00:00:00Z)",NULL,,,NULL,NULL,NULL,NULL,NULL,NULL,Kreis Roßlau,Kreis Roßlau,NULL,Kreis in der DDR,NULL,NULL,https://de.wikipedia.org/wiki/Kreis_Ro%C3%9Flau,NULL,NULL
"http://www.wikidata.org/entity/Q106658, http://www.wikidata.org/entity/Q17302772",http://www.wikidata.org/entity/Q1206,Point(11.85 52.683333333),116666 (2014-01-03T00:00:00Z),2423.04,http://commons.wikimedia.org/wiki/Special:FilePath/DE-ST%2015-0-90%20Landkreis%20Stendal%20COA.svg,"SDL, HV, OBG",4394085-7,2827478,62725,NULL,Landkreis Stendal,Stendal District,Stendal,Landkreis in Sachsen-Anhalt,German district in Saxony-Anhalt,arrondissement allemand de Saxe-Anhalt,https://de.wikipedia.org/wiki/Landkreis_Stendal,https://en.wikipedia.org/wiki/Stendal_(district),https://fr.wikipedia.org/wiki/Arrondissement_de_Stendal
"http://www.wikidata.org/entity/Q106517174 (2012-01-01T00:00:00Z), http://www.wikidata.org/entity/Q106658, http://www.wikidata.org/entity/Q17302772",http://www.wikidata.org/entity/Q1206,Point(11.216666666 52.683333333),86878 (2014-01-03T00:00:00Z),2293.05,http://commons.wikimedia.org/wiki/Special:FilePath/DE-ST%2015-0-81%20Altmarkkreis%20Salzwedel%20COA.svg,SAW,4379993-0,2842111,62602,NULL,Altmarkkreis Salzwedel,Altmarkkreis Salzwedel,Altmark-Salzwedel,Landkreis in Sachsen-Anhalt,German district in Saxony-Anhalt,arrondissement allemand de Saxe-Anhalt,https://de.wikipedia.org/wiki/Altmarkkreis_Salzwedel,https://en.wikipedia.org/wiki/Altmarkkreis_Salzwedel,https://fr.wikipedia.org/wiki/Arrondissement_d%27Altmark-Salzwedel
"http://www.wikidata.org/entity/Q106658, http://www.wikidata.org/entity/Q17302772",http://www.wikidata.org/entity/Q1206,Point(11.35 52.22),174001 (2014-01-03T00:00:00Z),2366,http://commons.wikimedia.org/wiki/Special:FilePath/DE-ST%2015-0-83%20Landkreis%20Boerde%20COA.svg,"BK, OC, OK, WMS, HDL, WZL, BÖ",7642061-9,3302159,62359,NULL,Landkreis Börde,Börde district,La Börde,Landkreis in Sachsen-Anhalt,German district of Saxony-Anhalt,arrondissement allemand de Saxe-Anhalt,https://de.wikipedia.org/wiki/Landkreis_B%C3%B6rde,https://en.wikipedia.org/wiki/B%C3%B6rde_(district),https://fr.wikipedia.org/wiki/Arrondissement_de_la_B%C3%B6rde
"http://www.wikidata.org/entity/Q106517174, http://www.wikidata.org/entity/Q106658, http://www.wikidata.org/entity/Q17302772",http://www.wikidata.org/entity/Q1206,Point(12.066666666 51.716666666),168475 (2014-01-03T00:00:00Z),1452.8,http://commons.wikimedia.org/wiki/Special:FilePath/DE-ST%2015-0-82%20Landkreis%20Anhalt-Bitterfeld%20COA.svg,"ABI, AZE, BTF, KÖT, ZE",7640684-2,2948163,62747,NULL,Landkreis Anhalt-Bitterfeld,Anhalt-Bitterfeld,Anhalt-Bitterfeld,Landkreis in Sachsen-Anhalt,German district in Saxony-Anhalt,arrondissement allemand de Saxe-Anhalt,https://de.wikipedia.org/wiki/Landkreis_Anhalt-Bitterfeld,https://en.wikipedia.org/wiki/Anhalt-Bitterfeld,https://fr.wikipedia.org/wiki/Arrondissement_d%27Anhalt-Bitterfeld
"http://www.wikidata.org/entity/Q106658, http://www.wikidata.org/entity/Q17302772",http://www.wikidata.org/entity/Q1206,Point(12.03 52.26),89928 (2018-12-31T00:00:00Z),1576.84,http://commons.wikimedia.org/wiki/Special:FilePath/DE-ST%2015-0-86%20Landkreis%20Jerichower%20Land%20COA.svg,"JL, GNT, BRG",4379995-4,3302158,62477,NULL,Landkreis Jerichower Land,Jerichower Land,Pays-de-Jerichow,Landkreis in Sachsen-Anhalt,German district of Saxony-Anhalt,arrondissement allemand de Saxe-Anhalt,https://de.wikipedia.org/wiki/Landkreis_Jerichower_Land,https://en.wikipedia.org/wiki/Jerichower_Land,https://fr.wikipedia.org/wiki/Arrondissement_du_Pays-de-Jerichow
"http://www.wikidata.org/entity/Q106658, http://www.wikidata.org/entity/Q17302772",http://www.wikidata.org/entity/Q1206,Point(12.683333333 51.8),130699 (2014-01-03T00:00:00Z),1929.96,http://commons.wikimedia.org/wiki/Special:FilePath/DE-ST%2015-0-91%20Landkreis%20Wittenberg%20COA.svg,"JE, WB, GHC",4375707-8,2807345,62425,NULL,Landkreis Wittenberg,Wittenberg,Wittemberg,Landkreis in Sachsen-Anhalt,German district in Saxony-Anhalt,arrondissement allemand de Saxe-Anhalt,https://de.wikipedia.org/wiki/Landkreis_Wittenberg,https://en.wikipedia.org/wiki/Wittenberg_(district),https://fr.wikipedia.org/wiki/Arrondissement_de_Wittemberg
"http://www.wikidata.org/entity/Q106517174, http://www.wikidata.org/entity/Q106658, http://www.wikidata.org/entity/Q17302772",http://www.wikidata.org/entity/Q1206,Point(11.583333333 51.833333333),190560 (2018-12-31T00:00:00Z),1425.9,http://commons.wikimedia.org/wiki/Special:FilePath/Wappen%20Salzlandkreis.svg,SLK,7607034-7,2950072,62502,NULL,Salzlandkreis,Salzlandkreis,Salzland,Landkreis in Sachsen-Anhalt,German district of Saxony-Anhalt,arrondissement allemand de Saxe-Anhalt,https://de.wikipedia.org/wiki/Salzlandkreis,https://en.wikipedia.org/wiki/Salzlandkreis,https://fr.wikipedia.org/wiki/Arrondissement_du_Salzland
"http://www.wikidata.org/entity/Q106517174, http://www.wikidata.org/entity/Q106658, http://www.wikidata.org/entity/Q17302772",http://www.wikidata.org/entity/Q1206,Point(10.96 51.82),223094 (2014-01-07T00:00:00Z),"2.1, 210457 (2017-12-31T00:00:00Z)",http://commons.wikimedia.org/wiki/Special:FilePath/Wappen%20Landkreis%20Harz.svg,"HZ, HBS, WR, QLB",7641506-5,2911664,62429,NULL,Landkreis Harz,Harz District,arrondissement de Harz,Landkreis in Sachsen-Anhalt,German district in Saxony-Anhalt,arrondissement allemand de Saxe-Anhalt,https://de.wikipedia.org/wiki/Landkreis_Harz,https://en.wikipedia.org/wiki/Harz_(district),https://fr.wikipedia.org/wiki/Arrondissement_de_Harz
"http://www.wikidata.org/entity/Q106658, http://www.wikidata.org/entity/Q17302772",http://www.wikidata.org/entity/Q1206,Point(11.366666666 51.533333333),144735 (2014-01-08T00:00:00Z),1448.82,http://commons.wikimedia.org/wiki/Special:FilePath/Wappen%20Landkreis%20Mansfeld-Suedharz.svg,MSH,7643010-8,3302155,62681,NULL,Landkreis Mansfeld-Südharz,Mansfeld-Südharz,Mansfeld-Harz-du-Sud,Landkreis in Sachsen-Anhalt,German district in Saxony-Anhalt,arrondissement allemand de Saxe-Anhalt,https://de.wikipedia.org/wiki/Landkreis_Mansfeld-S%C3%BCdharz,https://en.wikipedia.org/wiki/Mansfeld-S%C3%BCdharz,https://fr.wikipedia.org/wiki/Arrondissement_de_Mansfeld-Harz-du-Sud
"http://www.wikidata.org/entity/Q106517174, http://www.wikidata.org/entity/Q17302772",http://www.wikidata.org/entity/Q1206,Point(11.833333333 51.4),"196946 (2010-01-01T00:00:00Z), 186431 (2015-12-31T00:00:00Z), 208094 (2005-01-01T00:00:00Z)",1433.67,http://commons.wikimedia.org/wiki/Special:FilePath/Wappen%20Saalekreis.svg,"QFT, SK, MER, MQ",7607033-5,2842671,62473,NULL,Saalekreis,Saalekreis,Saale,Landkreis in Sachsen-Anhalt,"District in Saxony-Anhalt state, Germany",arrondissement allemand de Saxe-Anhalt,https://de.wikipedia.org/wiki/Saalekreis,https://en.wikipedia.org/wiki/Saalekreis,https://fr.wikipedia.org/wiki/Arrondissement_de_la_Saale
"http://www.wikidata.org/entity/Q106517174 (2012-01-01T00:00:00Z), http://www.wikidata.org/entity/Q106658, http://www.wikidata.org/entity/Q17302772",http://www.wikidata.org/entity/Q1206,Point(11.866666666 51.15),180190 (2018-12-31T00:00:00Z),1413.47,http://commons.wikimedia.org/wiki/Special:FilePath/Wappen%20Burgenlandkreis.svg,BLK,4387068-5,3302156,62639,NULL,Burgenlandkreis,Burgenlandkreis,Burgenland,Landkreis in Sachsen-Anhalt,"rural district of Saxony-Anhalt, Germany",arrondissement allemand de Saxe-Anhalt,https://de.wikipedia.org/wiki/Burgenlandkreis,https://en.wikipedia.org/wiki/Burgenlandkreis,https://fr.wikipedia.org/wiki/Arrondissement_du_Burgenland
http://www.wikidata.org/entity/Q106658,http://www.wikidata.org/entity/Q1206,Point(11.3 51.466667),62446 (2006-12-31T00:00:00Z),,http://commons.wikimedia.org/wiki/Special:FilePath/Wappen%20Landkreis%20Sangerhausen.svg,SGH,4105310-2,NULL,NULL,NULL,Landkreis Sangerhausen,Sangerhausen,arrondissement de Sangerhausen,ehemaliger Landkreis in Sachsen-Anhalt,"former district in Saxony-Anhalt, Germany",NULL,https://de.wikipedia.org/wiki/Landkreis_Sangerhausen,https://en.wikipedia.org/wiki/Sangerhausen_(district),NULL
http://www.wikidata.org/entity/Q106658,http://www.wikidata.org/entity/Q985,Point(8.91667 48.25),,478,http://commons.wikimedia.org/wiki/Special:FilePath/Wappen%20Landkreis%20Balingen.png,NULL,NULL,NULL,NULL,NULL,Landkreis Balingen,Balingen,arrondissement de Balingen,ehemaliger Landkreis in Baden-Württemberg,former rural district of Germany,NULL,https://de.wikipedia.org/wiki/Landkreis_Balingen,NULL,NULL
http://www.wikidata.org/entity/Q106658,http://www.wikidata.org/entity/Q985,Point(8.91667 48.3333),,412,http://commons.wikimedia.org/wiki/Special:FilePath/Wappen%20Landkreis%20Hechingen.svg,NULL,NULL,NULL,NULL,NULL,Landkreis Hechingen,NULL,arrondissement de Hechingen,ehemaliger Landkreis in Baden-Württemberg,former rural district of Germany,NULL,https://de.wikipedia.org/wiki/Landkreis_Hechingen,NULL,NULL
http://www.wikidata.org/entity/Q106658,"http://www.wikidata.org/entity/Q1802309, http://www.wikidata.org/entity/Q985",Point(8.08333 48.6667),,379,http://commons.wikimedia.org/wiki/Special:FilePath/Wappen%20Landkreis%20Buehl.png,NULL,NULL,NULL,6148105,NULL,Landkreis Bühl,Bühl,arrondissement de Bühl,ehemaliger Landkreis in Baden-Württemberg,former rural district of Germany,NULL,https://de.wikipedia.org/wiki/Landkreis_B%C3%BChl,NULL,NULL
http://www.wikidata.org/entity/Q106658,http://www.wikidata.org/entity/Q985,Point(9.66667 49.3333),,342,http://commons.wikimedia.org/wiki/Special:FilePath/Wappen%20Landkreis%20Kuenzelsau.png,NULL,NULL,NULL,NULL,NULL,Landkreis Künzelsau,Künzelsau,arrondissement de Künzelsau,ehemaliger Landkreis in Baden-Württemberg,former rural district of Germany,NULL,https://de.wikipedia.org/wiki/Landkreis_K%C3%BCnzelsau,NULL,NULL
http://www.wikidata.org/entity/Q106658,http://www.wikidata.org/entity/Q985,Point(8.0 48.5),,467,http://commons.wikimedia.org/wiki/Special:FilePath/DEU%20Ortenaukreis%20COA.svg,NULL,NULL,NULL,6150057,NULL,Landkreis Offenburg,Offenburg,arrondissement d'Offenburg,ehemaliger Landkreis in Baden-Württemberg,former rural district of Germany,NULL,https://de.wikipedia.org/wiki/Landkreis_Offenburg,NULL,NULL
http://www.wikidata.org/entity/Q106658,http://www.wikidata.org/entity/Q985,Point(8.75 49.3333),,487,http://commons.wikimedia.org/wiki/Special:FilePath/COA%20Landkreis%20Heidelberg.svg,NULL,NULL,NULL,NULL,NULL,Landkreis Heidelberg,Heidelberg,arrondissement de Heidelberg,ehemaliger Landkreis in Baden-Württemberg,former district of Germany,NULL,https://de.wikipedia.org/wiki/Landkreis_Heidelberg,NULL,NULL
http://www.wikidata.org/entity/Q106658,"http://www.wikidata.org/entity/Q251660 (1945-09-19T00:00:00Z - 1952-04-25T00:00:00Z), http://www.wikidata.org/entity/Q569871, http://www.wikidata.org/entity/Q985 (1952-04-25T00:00:00Z)",Point(9.5 49.0),,589,http://commons.wikimedia.org/wiki/Special:FilePath/DEU%20Landkreis%20Backnang%20COA.svg,NULL,NULL,NULL,NULL,NULL,Landkreis Backnang,Backnang,arrondissement de Backnang,Landkreis in Deutschland,former district of Germany,NULL,https://de.wikipedia.org/wiki/Landkreis_Backnang,NULL,NULL
http://www.wikidata.org/entity/Q106658,http://www.wikidata.org/entity/Q985,Point(10.0833 49.1667),,766,http://commons.wikimedia.org/wiki/Special:FilePath/Wappen%20Landkreis%20Crailsheim.png,NULL,NULL,NULL,NULL,NULL,Landkreis Crailsheim,Crailsheim,arrondissement de Crailsheim,ehemaliger Landkreis in Baden-Württemberg,former district of Germany,NULL,https://de.wikipedia.org/wiki/Landkreis_Crailsheim,NULL,NULL
http://www.wikidata.org/entity/Q106658,http://www.wikidata.org/entity/Q985,Point(9.71667 48.3),,508,http://commons.wikimedia.org/wiki/Special:FilePath/Wappen%20Landkreis%20Ehingen.svg,NULL,4092370-8,NULL,NULL,NULL,Landkreis Ehingen,Ehingen,arrondissement d'Ehingen,ehemaliger Landkreis in Baden-Württemberg,former district of Germany,NULL,https://de.wikipedia.org/wiki/Landkreis_Ehingen,NULL,NULL
http://www.wikidata.org/entity/Q106658,http://www.wikidata.org/entity/Q985,Point(8.66667 48.4167),,358,http://commons.wikimedia.org/wiki/Special:FilePath/Wappen%20Landkreis%20Horb.svg,NULL,NULL,NULL,NULL,NULL,Landkreis Horb,NULL,arrondissement de Horb,ehemaliger Landkreis in Baden-Württemberg,NULL,NULL,https://de.wikipedia.org/wiki/Landkreis_Horb,NULL,NULL
http://www.wikidata.org/entity/Q106658,http://www.wikidata.org/entity/Q985,Point(7.91667 48.5833),,310,http://commons.wikimedia.org/wiki/Special:FilePath/Wappen%20Landkreis%20Kehl.png,NULL,NULL,NULL,6147974,NULL,Landkreis Kehl,NULL,arrondissement de Kehl,ehemaliger Landkreis in Baden-Württemberg,NULL,NULL,https://de.wikipedia.org/wiki/Landkreis_Kehl,NULL,NULL
http://www.wikidata.org/entity/Q106658,http://www.wikidata.org/entity/Q985,Point(7.83333 48.3333),,445,http://commons.wikimedia.org/wiki/Special:FilePath/Wappen%20Landkreis%20Lahr.png,NULL,NULL,NULL,6150131,NULL,Landkreis Lahr,Landkreis Lahr,arrondissement de Lahr,ehemaliger Landkreis in Baden-Württemberg,NULL,NULL,https://de.wikipedia.org/wiki/Landkreis_Lahr,NULL,NULL
http://www.wikidata.org/entity/Q106658,http://www.wikidata.org/entity/Q985,Point(9.0 48.8333),,290,http://commons.wikimedia.org/wiki/Special:FilePath/Wappen%20Landkreis%20Leonberg.png,NULL,NULL,NULL,NULL,NULL,Landkreis Leonberg,Leonberg,arrondissement de Leonberg,ehemaliger Landkreis in Baden-Württemberg,former district of Germany,NULL,https://de.wikipedia.org/wiki/Landkreis_Leonberg,NULL,NULL
http://www.wikidata.org/entity/Q106658,http://www.wikidata.org/entity/Q985,Point(8.58333 49.5),,313,http://commons.wikimedia.org/wiki/Special:FilePath/Wappen%20Landkreis%20Mannheim.png,NULL,NULL,NULL,NULL,NULL,Landkreis Mannheim,Mannheim,arrondissement de Mannheim,ehemaliger Landkreis in Baden-Württemberg,Germany: Landkreis,NULL,https://de.wikipedia.org/wiki/Landkreis_Mannheim,NULL,NULL
http://www.wikidata.org/entity/Q106658,http://www.wikidata.org/entity/Q8517,Point(9.83333 49.4167),,474,http://commons.wikimedia.org/wiki/Special:FilePath/Wappen%20Landkreis%20Mergentheim.png,NULL,4100840-6,NULL,NULL,NULL,Landkreis Mergentheim,Mergentheim,arrondissement de Mergentheim,ehemaliger Landkreis in Baden-Württemberg,former district of Germany,NULL,https://de.wikipedia.org/wiki/Landkreis_Mergentheim,NULL,NULL
http://www.wikidata.org/entity/Q106658,http://www.wikidata.org/entity/Q985,Point(9.08333 49.3333),,454,http://commons.wikimedia.org/wiki/Special:FilePath/Wappen%20Landkreis%20Mosbach.png,NULL,4040317-8,NULL,NULL,NULL,Landkreis Mosbach,Landkreis Mosbach,arrondissement de Mosbach,"1939 gemäß Gesetz über die Landkreisselbstverwaltung in Baden gebildeter, ehemaliger Landkreis in Baden-Württemberg, bestünde er noch heute, läge er im Regierungsbezirk Karlsruhe",NULL,NULL,https://de.wikipedia.org/wiki/Landkreis_Mosbach,NULL,NULL
http://www.wikidata.org/entity/Q106658,http://www.wikidata.org/entity/Q985,Point(8.66667 48.9167),,279,NULL,NULL,NULL,NULL,NULL,NULL,Landkreis Pforzheim,NULL,arrondissement de Pforzheim,ehemaliger Landkreis in Baden-Württemberg,NULL,NULL,https://de.wikipedia.org/wiki/Landkreis_Pforzheim,NULL,NULL
http://www.wikidata.org/entity/Q106658,http://www.wikidata.org/entity/Q8170,Point(9.5 48.08333333),,743,NULL,NULL,4051821-8,NULL,NULL,NULL,Landkreis Saulgau,Saulgau,arrondissement de Saulgau,ehemaliger Landkreis in Deutschland,former district of Germany,NULL,https://de.wikipedia.org/wiki/Landkreis_Saulgau,NULL,NULL
http://www.wikidata.org/entity/Q106658,http://www.wikidata.org/entity/Q985,Point(8.91667 49.1667),,529,http://commons.wikimedia.org/wiki/Special:FilePath/Wappen%20Landkreis%20Sinsheim.png,NULL,4055124-6,NULL,NULL,NULL,Landkreis Sinsheim,Sinsheim,arrondissement de Sinsheim,ehemaliger Landkreis in Baden-Württemberg,former district of Germany,NULL,https://de.wikipedia.org/wiki/Landkreis_Sinsheim,NULL,NULL
http://www.wikidata.org/entity/Q106658,http://www.wikidata.org/entity/Q985,Point(8.91667 48.9167),,385,http://commons.wikimedia.org/wiki/Special:FilePath/Wappen%20Landkreis%20Vaihingen.png,NULL,NULL,NULL,NULL,NULL,Landkreis Vaihingen,Vaihingen,arrondissement de Vaihingen,ehemaliger Landkreis in Baden-Württemberg,former district of Germany,NULL,https://de.wikipedia.org/wiki/Landkreis_Vaihingen,NULL,NULL
http://www.wikidata.org/entity/Q106658,http://www.wikidata.org/entity/Q985,Point(9.5 49.1667),,398,http://commons.wikimedia.org/wiki/Special:FilePath/Wappen%20Landkreis%20Oehringen.png,NULL,NULL,NULL,NULL,NULL,Landkreis Öhringen,Öhringen,arrondissement d'Öhringen,ehemaliger Landkreis in Baden-Württemberg,former district of Germany,NULL,https://de.wikipedia.org/wiki/Landkreis_%C3%96hringen,NULL,NULL
http://www.wikidata.org/entity/Q106658,http://www.wikidata.org/entity/Q985,Point(9.41667 48.5833),,380,http://commons.wikimedia.org/wiki/Special:FilePath/Wappen%20Landkreis%20Nuertingen.png,NULL,4222078-6,NULL,NULL,NULL,Landkreis Nürtingen,Nürtingen,arrondissement de Nürtingen,ehemaliger Landkreis in Baden-Württemberg,former rural district of Germany,NULL,https://de.wikipedia.org/wiki/Landkreis_N%C3%BCrtingen,https://en.wikipedia.org/wiki/Landkreis_N%C3%BCrtingen,NULL
http://www.wikidata.org/entity/Q106658,http://www.wikidata.org/entity/Q2137698,Point(9.66667 49.6667),,777,http://commons.wikimedia.org/wiki/Special:FilePath/Wappen%20Landkreis%20Tauberbischofsheim.png,NULL,4106128-7,NULL,NULL,NULL,Landkreis Tauberbischofsheim,Tauberbischofsheim,arrondissement de Tauberbischofsheim,ehemaliger Landkreis in Baden-Württemberg,former rural district of Germany,"division administrative ancienne de Bade-Wurtemberg, en Allemagne",https://de.wikipedia.org/wiki/Landkreis_Tauberbischofsheim,NULL,NULL
http://www.wikidata.org/entity/Q106658,http://www.wikidata.org/entity/Q985,Point(9.91667 48.4167),,840,http://commons.wikimedia.org/wiki/Special:FilePath/Landkreiswappen%20des%20Landkreises%20Alb-Donau-Kreis.svg,NULL,NULL,NULL,NULL,NULL,Landkreis Ulm,Ulm,arrondissement d'Ulm,ehemaliger Landkreis in Baden-Württemberg,former rural district of Germany,NULL,https://de.wikipedia.org/wiki/Landkreis_Ulm,NULL,NULL
http://www.wikidata.org/entity/Q106658,"http://www.wikidata.org/entity/Q130317400, http://www.wikidata.org/entity/Q261407, http://www.wikidata.org/entity/Q50407967, http://www.wikidata.org/entity/Q742380, http://www.wikidata.org/entity/Q985",Point(7.75 48.0),,658,http://commons.wikimedia.org/wiki/Special:FilePath/Wappen%20Landkreis%20Freiburg.png,NULL,NULL,NULL,NULL,NULL,Landkreis Freiburg,Freiburg,arrondissement de Freiburg,ehemaliger Landkreis in Baden-Württemberg,former district of Germany,NULL,https://de.wikipedia.org/wiki/Landkreis_Freiburg,NULL,NULL
http://www.wikidata.org/entity/Q106658,http://www.wikidata.org/entity/Q985,Point(8.41667 48.0833),,451,http://commons.wikimedia.org/wiki/Special:FilePath/DEU%20Landkreis%20Villingen%20COA.svg,NULL,NULL,NULL,NULL,NULL,Landkreis Villingen,Villingen,arrondissement de Villingen,ehemaliger Landkreis in Baden-Württemberg,former district of Germany,NULL,https://de.wikipedia.org/wiki/Landkreis_Villingen,NULL,NULL
http://www.wikidata.org/entity/Q106658,"http://www.wikidata.org/entity/Q251660 (1945-09-19T00:00:00Z - 1952-04-24T00:00:00Z), http://www.wikidata.org/entity/Q569871 (1938-10-01T00:00:00Z - 1945-09-18T00:00:00Z), http://www.wikidata.org/entity/Q985 (1952-04-25T00:00:00Z - 1972-12-31T00:00:00Z)",Point(10.1667 48.9167),,1079,http://commons.wikimedia.org/wiki/Special:FilePath/DEU%20Landkreis%20Aalen%20COA.svg,NULL,NULL,NULL,NULL,NULL,Landkreis Aalen,Aalen,arrondissement d'Aalen,ehemaliger Landkreis in Baden-Württemberg,former district of Germany,NULL,https://de.wikipedia.org/wiki/Landkreis_Aalen,NULL,NULL
